date	plate	well	time	od	yfp
2016-02-04	1	B4	0.0	0.0638	1229
2016-02-04	1	B4	44.9167	0.0565	912
2016-02-04	1	B4	60.7833	0.0578	1019
2016-02-04	1	B4	83.0833	0.0607	1167
2016-02-04	1	B4	98.8833	0.0662	1312
2016-02-04	1	B4	113.2	0.0775	1607
2016-02-04	1	B4	130.5333	0.0858	1969
2016-02-04	1	B4	146.75	0.1033	2552
2016-02-04	1	B4	169.8833	0.1316	3567
2016-02-04	1	B4	187.4	0.1667	5191
2016-02-04	1	B4	202.25	0.2005	6417
2016-02-04	1	B4	219.1	0.2192	9203
2016-02-04	1	B4	235.7	0.2204	10901
2016-02-04	1	B4	251.7667	0.2261	11716
2016-02-04	1	B4	265.5833	0.2256	13097
2016-02-04	1	B4	280.85	0.2254	12934
2016-02-04	1	B4	299.7833	0.2271	13265
2016-02-04	1	B4	324.1667	0.2299	14235
2016-02-04	1	B4	352.0167	0.2339	14933
2016-02-04	1	B4	382.5667	0.2374	16217
2016-02-04	1	B4	405.45	0.2401	16168
2016-02-04	1	B4	433.3833	0.2427	17227
2016-02-04	1	B4	458.9333	0.2462	17874
2016-02-04	1	B4	498.4667	0.249	18897
2016-02-04	1	B4	539.6667	0.2514	19786
2016-02-04	1	B5	0.0	0.062	1273
2016-02-04	1	B5	44.9167	0.1084	1161
2016-02-04	1	B5	60.7833	0.0579	1134
2016-02-04	1	B5	83.0833	0.0688	1365
2016-02-04	1	B5	98.8833	0.0706	1513
2016-02-04	1	B5	113.2	0.0839	1850
2016-02-04	1	B5	130.5333	0.0895	2225
2016-02-04	1	B5	146.75	0.1038	2809
2016-02-04	1	B5	169.8833	0.1415	3984
2016-02-04	1	B5	187.4	0.1779	5432
2016-02-04	1	B5	202.25	0.2114	6871
2016-02-04	1	B5	219.1	0.2272	9206
2016-02-04	1	B5	235.7	0.2299	10398
2016-02-04	1	B5	251.7667	0.2317	10413
2016-02-04	1	B5	265.5833	0.2316	11405
2016-02-04	1	B5	280.85	0.2323	11216
2016-02-04	1	B5	299.7833	0.2346	11499
2016-02-04	1	B5	324.1667	0.2363	11553
2016-02-04	1	B5	352.0167	0.2416	11653
2016-02-04	1	B5	382.5667	0.246	12345
2016-02-04	1	B5	405.45	0.2485	12156
2016-02-04	1	B5	433.3833	0.2522	12298
2016-02-04	1	B5	458.9333	0.255	12282
2016-02-04	1	B5	498.4667	0.2588	12421
2016-02-04	1	B5	539.6667	0.2616	13378
2016-02-04	1	B6	0.0	0.0625	1536
2016-02-04	1	B6	44.9167	0.0586	890
2016-02-04	1	B6	60.7833	0.0571	967
2016-02-04	1	B6	83.0833	0.0628	1076
2016-02-04	1	B6	98.8833	0.071	1308
2016-02-04	1	B6	113.2	0.0799	1545
2016-02-04	1	B6	130.5333	0.0889	2008
2016-02-04	1	B6	146.75	0.103	2343
2016-02-04	1	B6	169.8833	0.1355	3570
2016-02-04	1	B6	187.4	0.1714	4875
2016-02-04	1	B6	202.25	0.2093	6409
2016-02-04	1	B6	219.1	0.2248	8538
2016-02-04	1	B6	235.7	0.2283	9384
2016-02-04	1	B6	251.7667	0.2311	10107
2016-02-04	1	B6	265.5833	0.233	10181
2016-02-04	1	B6	280.85	0.2338	10772
2016-02-04	1	B6	299.7833	0.2365	10384
2016-02-04	1	B6	324.1667	0.239	10386
2016-02-04	1	B6	352.0167	0.2441	11050
2016-02-04	1	B6	382.5667	0.2488	11082
2016-02-04	1	B6	405.45	0.2518	11089
2016-02-04	1	B6	433.3833	0.2547	11215
2016-02-04	1	B6	458.9333	0.258	11811
2016-02-04	1	B6	498.4667	0.2626	11788
2016-02-04	1	B6	539.6667	0.2658	11460
2016-02-04	1	B7	0.0	0.0566	580
2016-02-04	1	B7	44.9167	0.0652	910
2016-02-04	1	B7	60.7833	0.0574	940
2016-02-04	1	B7	83.0833	0.0629	1147
2016-02-04	1	B7	98.8833	0.0745	1272
2016-02-04	1	B7	113.2	0.0827	1590
2016-02-04	1	B7	130.5333	0.0911	1998
2016-02-04	1	B7	146.75	0.108	2751
2016-02-04	1	B7	169.8833	0.1438	3937
2016-02-04	1	B7	187.4	0.1813	5197
2016-02-04	1	B7	202.25	0.2147	6953
2016-02-04	1	B7	219.1	0.227	8974
2016-02-04	1	B7	235.7	0.232	10385
2016-02-04	1	B7	251.7667	0.2346	10548
2016-02-04	1	B7	265.5833	0.2356	10897
2016-02-04	1	B7	280.85	0.2377	11139
2016-02-04	1	B7	299.7833	0.239	11295
2016-02-04	1	B7	324.1667	0.2428	11504
2016-02-04	1	B7	352.0167	0.2489	11849
2016-02-04	1	B7	382.5667	0.2525	12240
2016-02-04	1	B7	405.45	0.256	12016
2016-02-04	1	B7	433.3833	0.2594	12211
2016-02-04	1	B7	458.9333	0.2627	13058
2016-02-04	1	B7	498.4667	0.2673	12950
2016-02-04	1	B7	539.6667	0.2699	13663
2016-02-04	1	B8	0.0	0.0619	1252
2016-02-04	1	B8	44.9167	0.0975	1051
2016-02-04	1	B8	60.7833	0.0663	1218
2016-02-04	1	B8	83.0833	0.0643	1495
2016-02-04	1	B8	98.8833	0.0764	1557
2016-02-04	1	B8	113.2	0.0934	1926
2016-02-04	1	B8	130.5333	0.0978	2380
2016-02-04	1	B8	146.75	0.1101	2963
2016-02-04	1	B8	169.8833	0.1575	4059
2016-02-04	1	B8	187.4	0.1949	5664
2016-02-04	1	B8	202.25	0.2329	6930
2016-02-04	1	B8	219.1	0.2432	8966
2016-02-04	1	B8	235.7	0.2415	10089
2016-02-04	1	B8	251.7667	0.2417	10338
2016-02-04	1	B8	265.5833	0.2419	10737
2016-02-04	1	B8	280.85	0.2432	10828
2016-02-04	1	B8	299.7833	0.2451	10742
2016-02-04	1	B8	324.1667	0.2484	10952
2016-02-04	1	B8	352.0167	0.2529	11838
2016-02-04	1	B8	382.5667	0.2578	11655
2016-02-04	1	B8	405.45	0.2612	12082
2016-02-04	1	B8	433.3833	0.2642	11902
2016-02-04	1	B8	458.9333	0.2686	12082
2016-02-04	1	B8	498.4667	0.2729	12417
2016-02-04	1	B8	539.6667	0.2763	12873
2016-02-04	1	C4	0.0	0.0523	529
2016-02-04	1	C4	44.9167	0.0604	934
2016-02-04	1	C4	60.7833	0.0538	928
2016-02-04	1	C4	83.0833	0.0601	1185
2016-02-04	1	C4	98.8833	0.0659	1288
2016-02-04	1	C4	113.2	0.0761	1552
2016-02-04	1	C4	130.5333	0.086	2151
2016-02-04	1	C4	146.75	0.0991	2466
2016-02-04	1	C4	169.8833	0.1326	3548
2016-02-04	1	C4	187.4	0.1667	4947
2016-02-04	1	C4	202.25	0.1953	6141
2016-02-04	1	C4	219.1	0.216	8618
2016-02-04	1	C4	235.7	0.2189	10893
2016-02-04	1	C4	251.7667	0.2217	11699
2016-02-04	1	C4	265.5833	0.223	12642
2016-02-04	1	C4	280.85	0.225	13366
2016-02-04	1	C4	299.7833	0.2255	13826
2016-02-04	1	C4	324.1667	0.2288	14364
2016-02-04	1	C4	352.0167	0.2325	15647
2016-02-04	1	C4	382.5667	0.2363	16949
2016-02-04	1	C4	405.45	0.2381	16721
2016-02-04	1	C4	433.3833	0.2414	17414
2016-02-04	1	C4	458.9333	0.244	18217
2016-02-04	1	C4	498.4667	0.2482	18729
2016-02-04	1	C4	539.6667	0.2498	20345
2016-02-04	1	C5	0.0	0.0476	491
2016-02-04	1	C5	44.9167	0.1074	1142
2016-02-04	1	C5	60.7833	0.0598	1160
2016-02-04	1	C5	83.0833	0.0604	1279
2016-02-04	1	C5	98.8833	0.0697	1456
2016-02-04	1	C5	113.2	0.0878	1768
2016-02-04	1	C5	130.5333	0.0862	2177
2016-02-04	1	C5	146.75	0.1021	2758
2016-02-04	1	C5	169.8833	0.1328	3867
2016-02-04	1	C5	187.4	0.1706	5308
2016-02-04	1	C5	202.25	0.2047	6796
2016-02-04	1	C5	219.1	0.2238	9080
2016-02-04	1	C5	235.7	0.2263	10381
2016-02-04	1	C5	251.7667	0.2295	10528
2016-02-04	1	C5	265.5833	0.2292	11409
2016-02-04	1	C5	280.85	0.2303	11345
2016-02-04	1	C5	299.7833	0.2324	11373
2016-02-04	1	C5	324.1667	0.2348	11615
2016-02-04	1	C5	352.0167	0.2395	12128
2016-02-04	1	C5	382.5667	0.2439	12279
2016-02-04	1	C5	405.45	0.2468	11968
2016-02-04	1	C5	433.3833	0.2501	12514
2016-02-04	1	C5	458.9333	0.2534	12677
2016-02-04	1	C5	498.4667	0.2576	12433
2016-02-04	1	C5	539.6667	0.2598	13511
2016-02-04	1	C6	0.0	0.0507	435
2016-02-04	1	C6	44.9167	0.0556	892
2016-02-04	1	C6	60.7833	0.057	915
2016-02-04	1	C6	83.0833	0.061	1007
2016-02-04	1	C6	98.8833	0.0687	1176
2016-02-04	1	C6	113.2	0.0774	1468
2016-02-04	1	C6	130.5333	0.0869	1816
2016-02-04	1	C6	146.75	0.1028	2343
2016-02-04	1	C6	169.8833	0.1308	3297
2016-02-04	1	C6	187.4	0.168	4546
2016-02-04	1	C6	202.25	0.1991	6042
2016-02-04	1	C6	219.1	0.2224	8024
2016-02-04	1	C6	235.7	0.2261	9536
2016-02-04	1	C6	251.7667	0.2296	9846
2016-02-04	1	C6	265.5833	0.23	10336
2016-02-04	1	C6	280.85	0.2328	10663
2016-02-04	1	C6	299.7833	0.235	10332
2016-02-04	1	C6	324.1667	0.2381	10587
2016-02-04	1	C6	352.0167	0.2438	11162
2016-02-04	1	C6	382.5667	0.2481	11017
2016-02-04	1	C6	405.45	0.2505	11167
2016-02-04	1	C6	433.3833	0.2535	11324
2016-02-04	1	C6	458.9333	0.257	11619
2016-02-04	1	C6	498.4667	0.2616	11238
2016-02-04	1	C6	539.6667	0.2646	11879
2016-02-04	1	C7	0.0	0.0507	521
2016-02-04	1	C7	44.9167	0.0628	801
2016-02-04	1	C7	60.7833	0.0567	920
2016-02-04	1	C7	83.0833	0.0612	1148
2016-02-04	1	C7	98.8833	0.0728	1234
2016-02-04	1	C7	113.2	0.08	1431
2016-02-04	1	C7	130.5333	0.0886	2089
2016-02-04	1	C7	146.75	0.1054	2535
2016-02-04	1	C7	169.8833	0.1388	3528
2016-02-04	1	C7	187.4	0.1746	4944
2016-02-04	1	C7	202.25	0.2097	6533
2016-02-04	1	C7	219.1	0.2258	8736
2016-02-04	1	C7	235.7	0.2286	9833
2016-02-04	1	C7	251.7667	0.2336	10294
2016-02-04	1	C7	265.5833	0.2345	10639
2016-02-04	1	C7	280.85	0.2361	11300
2016-02-04	1	C7	299.7833	0.2384	11210
2016-02-04	1	C7	324.1667	0.2422	11220
2016-02-04	1	C7	352.0167	0.2473	12352
2016-02-04	1	C7	382.5667	0.2522	11964
2016-02-04	1	C7	405.45	0.2552	11832
2016-02-04	1	C7	433.3833	0.2579	12099
2016-02-04	1	C7	458.9333	0.2615	12933
2016-02-04	1	C7	498.4667	0.267	13035
2016-02-04	1	C7	539.6667	0.2693	13712
2016-02-04	1	C8	0.0	0.0479	621
2016-02-04	1	C8	44.9167	0.0997	1209
2016-02-04	1	C8	60.7833	0.0553	1220
2016-02-04	1	C8	83.0833	0.0634	1459
2016-02-04	1	C8	98.8833	0.0751	1565
2016-02-04	1	C8	113.2	0.0854	1707
2016-02-04	1	C8	130.5333	0.0938	2434
2016-02-04	1	C8	146.75	0.1079	3003
2016-02-04	1	C8	169.8833	0.1458	3894
2016-02-04	1	C8	187.4	0.1831	5388
2016-02-04	1	C8	202.25	0.2202	6852
2016-02-04	1	C8	219.1	0.2366	8956
2016-02-04	1	C8	235.7	0.2375	9797
2016-02-04	1	C8	251.7667	0.2388	9776
2016-02-04	1	C8	265.5833	0.2391	10893
2016-02-04	1	C8	280.85	0.2396	10783
2016-02-04	1	C8	299.7833	0.242	10866
2016-02-04	1	C8	324.1667	0.2465	10976
2016-02-04	1	C8	352.0167	0.2514	11617
2016-02-04	1	C8	382.5667	0.2569	12247
2016-02-04	1	C8	405.45	0.2597	11584
2016-02-04	1	C8	433.3833	0.2629	11982
2016-02-04	1	C8	458.9333	0.266	12310
2016-02-04	1	C8	498.4667	0.2711	12530
2016-02-04	1	C8	539.6667	0.2742	13204
2016-02-04	1	D4	0.0	0.0589	955
2016-02-04	1	D4	44.9167	0.0564	873
2016-02-04	1	D4	60.7833	0.0563	1016
2016-02-04	1	D4	83.0833	0.0601	1067
2016-02-04	1	D4	98.8833	0.0663	1320
2016-02-04	1	D4	113.2	0.076	1498
2016-02-04	1	D4	130.5333	0.0855	1968
2016-02-04	1	D4	146.75	0.0974	2506
2016-02-04	1	D4	169.8833	0.1281	3500
2016-02-04	1	D4	187.4	0.1609	4843
2016-02-04	1	D4	202.25	0.1928	6160
2016-02-04	1	D4	219.1	0.2121	8759
2016-02-04	1	D4	235.7	0.2151	10879
2016-02-04	1	D4	251.7667	0.2182	11307
2016-02-04	1	D4	265.5833	0.2191	12400
2016-02-04	1	D4	280.85	0.2204	12539
2016-02-04	1	D4	299.7833	0.2216	13308
2016-02-04	1	D4	324.1667	0.224	14236
2016-02-04	1	D4	352.0167	0.23	15211
2016-02-04	1	D4	382.5667	0.2323	16150
2016-02-04	1	D4	405.45	0.2342	16127
2016-02-04	1	D4	433.3833	0.2367	16732
2016-02-04	1	D4	458.9333	0.2405	17486
2016-02-04	1	D4	498.4667	0.2442	18548
2016-02-04	1	D4	539.6667	0.2454	19695
2016-02-04	1	D5	0.0	0.0484	454
2016-02-04	1	D5	44.9167	0.0999	1159
2016-02-04	1	D5	60.7833	0.058	1178
2016-02-04	1	D5	83.0833	0.0592	1434
2016-02-04	1	D5	98.8833	0.0678	1574
2016-02-04	1	D5	113.2	0.08	1824
2016-02-04	1	D5	130.5333	0.0885	2287
2016-02-04	1	D5	146.75	0.1044	2864
2016-02-04	1	D5	169.8833	0.1328	4040
2016-02-04	1	D5	187.4	0.1711	5552
2016-02-04	1	D5	202.25	0.2027	6691
2016-02-04	1	D5	219.1	0.2184	8982
2016-02-04	1	D5	235.7	0.2208	10550
2016-02-04	1	D5	251.7667	0.2232	10487
2016-02-04	1	D5	265.5833	0.2235	11167
2016-02-04	1	D5	280.85	0.2243	11073
2016-02-04	1	D5	299.7833	0.2257	10950
2016-02-04	1	D5	324.1667	0.2282	11419
2016-02-04	1	D5	352.0167	0.2332	12135
2016-02-04	1	D5	382.5667	0.2375	12171
2016-02-04	1	D5	405.45	0.24	11991
2016-02-04	1	D5	433.3833	0.2427	11872
2016-02-04	1	D5	458.9333	0.2461	12510
2016-02-04	1	D5	498.4667	0.2506	12720
2016-02-04	1	D5	539.6667	0.2528	13554
2016-02-04	1	D6	0.0	0.0519	484
2016-02-04	1	D6	44.9167	0.0539	864
2016-02-04	1	D6	60.7833	0.0572	905
2016-02-04	1	D6	83.0833	0.061	1025
2016-02-04	1	D6	98.8833	0.0671	1276
2016-02-04	1	D6	113.2	0.0767	1437
2016-02-04	1	D6	130.5333	0.0866	1946
2016-02-04	1	D6	146.75	0.0996	2329
2016-02-04	1	D6	169.8833	0.1293	3360
2016-02-04	1	D6	187.4	0.1633	4709
2016-02-04	1	D6	202.25	0.1957	5793
2016-02-04	1	D6	219.1	0.2173	8136
2016-02-04	1	D6	235.7	0.2211	9357
2016-02-04	1	D6	251.7667	0.2248	9472
2016-02-04	1	D6	265.5833	0.2254	10504
2016-02-04	1	D6	280.85	0.2282	10535
2016-02-04	1	D6	299.7833	0.2297	10537
2016-02-04	1	D6	324.1667	0.2315	10726
2016-02-04	1	D6	352.0167	0.2382	11254
2016-02-04	1	D6	382.5667	0.2424	11463
2016-02-04	1	D6	405.45	0.2446	10903
2016-02-04	1	D6	433.3833	0.2471	11277
2016-02-04	1	D6	458.9333	0.2506	11512
2016-02-04	1	D6	498.4667	0.2553	11754
2016-02-04	1	D6	539.6667	0.258	12018
2016-02-04	1	D7	0.0	0.051	684
2016-02-04	1	D7	44.9167	0.0624	927
2016-02-04	1	D7	60.7833	0.0564	852
2016-02-04	1	D7	83.0833	0.0634	1094
2016-02-04	1	D7	98.8833	0.0698	1280
2016-02-04	1	D7	113.2	0.0818	1559
2016-02-04	1	D7	130.5333	0.0892	2015
2016-02-04	1	D7	146.75	0.1077	2565
2016-02-04	1	D7	169.8833	0.1382	3711
2016-02-04	1	D7	187.4	0.1736	4991
2016-02-04	1	D7	202.25	0.2058	6726
2016-02-04	1	D7	219.1	0.2215	8962
2016-02-04	1	D7	235.7	0.2235	10117
2016-02-04	1	D7	251.7667	0.2275	10080
2016-02-04	1	D7	265.5833	0.2289	10932
2016-02-04	1	D7	280.85	0.2305	11118
2016-02-04	1	D7	299.7833	0.2326	11155
2016-02-04	1	D7	324.1667	0.236	11283
2016-02-04	1	D7	352.0167	0.2419	12134
2016-02-04	1	D7	382.5667	0.2471	12620
2016-02-04	1	D7	405.45	0.2493	11958
2016-02-04	1	D7	433.3833	0.2515	12068
2016-02-04	1	D7	458.9333	0.2552	12755
2016-02-04	1	D7	498.4667	0.2603	13043
2016-02-04	1	D7	539.6667	0.2628	13685
2016-02-04	1	D8	0.0	0.0478	699
2016-02-04	1	D8	44.9167	0.094	1190
2016-02-04	1	D8	60.7833	0.0602	1212
2016-02-04	1	D8	83.0833	0.0656	1381
2016-02-04	1	D8	98.8833	0.0666	1544
2016-02-04	1	D8	113.2	0.0827	1849
2016-02-04	1	D8	130.5333	0.0946	2285
2016-02-04	1	D8	146.75	0.1075	2837
2016-02-04	1	D8	169.8833	0.1416	3902
2016-02-04	1	D8	187.4	0.182	5411
2016-02-04	1	D8	202.25	0.2147	6990
2016-02-04	1	D8	219.1	0.2281	8859
2016-02-04	1	D8	235.7	0.23	9767
2016-02-04	1	D8	251.7667	0.2324	9885
2016-02-04	1	D8	265.5833	0.2323	10498
2016-02-04	1	D8	280.85	0.2337	11019
2016-02-04	1	D8	299.7833	0.2351	11103
2016-02-04	1	D8	324.1667	0.2396	11390
2016-02-04	1	D8	352.0167	0.2453	11634
2016-02-04	1	D8	382.5667	0.2503	12035
2016-02-04	1	D8	405.45	0.2527	11823
2016-02-04	1	D8	433.3833	0.2558	12164
2016-02-04	1	D8	458.9333	0.2591	12353
2016-02-04	1	D8	498.4667	0.2641	12607
2016-02-04	1	D8	539.6667	0.2667	13184
2016-02-04	1	E4	0.0	0.0505	287
2016-02-04	1	E4	44.9167	0.0545	336
2016-02-04	1	E4	60.7833	0.0578	433
2016-02-04	1	E4	83.0833	0.0668	501
2016-02-04	1	E4	98.8833	0.075	585
2016-02-04	1	E4	113.2	0.0855	704
2016-02-04	1	E4	130.5333	0.1006	935
2016-02-04	1	E4	146.75	0.1195	1138
2016-02-04	1	E4	169.8833	0.1589	1585
2016-02-04	1	E4	187.4	0.2009	2185
2016-02-04	1	E4	202.25	0.241	2835
2016-02-04	1	E4	219.1	0.2564	3513
2016-02-04	1	E4	235.7	0.2483	4120
2016-02-04	1	E4	251.7667	0.2443	4363
2016-02-04	1	E4	265.5833	0.243	4601
2016-02-04	1	E4	280.85	0.2429	4938
2016-02-04	1	E4	299.7833	0.2452	4741
2016-02-04	1	E4	324.1667	0.2472	5027
2016-02-04	1	E4	352.0167	0.2515	5465
2016-02-04	1	E4	382.5667	0.2553	5712
2016-02-04	1	E4	405.45	0.2597	5844
2016-02-04	1	E4	433.3833	0.2628	5662
2016-02-04	1	E4	458.9333	0.2687	5955
2016-02-04	1	E4	498.4667	0.2707	6196
2016-02-04	1	E4	539.6667	0.2719	6370
2016-02-04	1	E5	0.0	0.0486	211
2016-02-04	1	E5	44.9167	0.0548	467
2016-02-04	1	E5	60.7833	0.0574	524
2016-02-04	1	E5	83.0833	0.0674	607
2016-02-04	1	E5	98.8833	0.0759	691
2016-02-04	1	E5	113.2	0.0886	836
2016-02-04	1	E5	130.5333	0.1028	1185
2016-02-04	1	E5	146.75	0.1233	1412
2016-02-04	1	E5	169.8833	0.1653	2056
2016-02-04	1	E5	187.4	0.2109	2839
2016-02-04	1	E5	202.25	0.25	3433
2016-02-04	1	E5	219.1	0.261	4674
2016-02-04	1	E5	235.7	0.2518	5421
2016-02-04	1	E5	251.7667	0.248	5767
2016-02-04	1	E5	265.5833	0.2469	5938
2016-02-04	1	E5	280.85	0.247	6417
2016-02-04	1	E5	299.7833	0.2486	6326
2016-02-04	1	E5	324.1667	0.2509	6661
2016-02-04	1	E5	352.0167	0.255	7275
2016-02-04	1	E5	382.5667	0.2578	7901
2016-02-04	1	E5	405.45	0.2633	7588
2016-02-04	1	E5	433.3833	0.2654	7978
2016-02-04	1	E5	458.9333	0.2692	8264
2016-02-04	1	E5	498.4667	0.2729	8366
2016-02-04	1	E5	539.6667	0.2747	8828
2016-02-04	1	E6	0.0	0.0493	340
2016-02-04	1	E6	44.9167	0.0611	792
2016-02-04	1	E6	60.7833	0.063	876
2016-02-04	1	E6	83.0833	0.0712	1069
2016-02-04	1	E6	98.8833	0.0803	1188
2016-02-04	1	E6	113.2	0.0935	1425
2016-02-04	1	E6	130.5333	0.1101	1955
2016-02-04	1	E6	146.75	0.1331	2387
2016-02-04	1	E6	169.8833	0.1779	3386
2016-02-04	1	E6	187.4	0.2273	4715
2016-02-04	1	E6	202.25	0.2577	6159
2016-02-04	1	E6	219.1	0.2599	8087
2016-02-04	1	E6	235.7	0.2513	9093
2016-02-04	1	E6	251.7667	0.2496	9644
2016-02-04	1	E6	265.5833	0.2502	10218
2016-02-04	1	E6	280.85	0.251	10665
2016-02-04	1	E6	299.7833	0.2522	10750
2016-02-04	1	E6	324.1667	0.2552	11461
2016-02-04	1	E6	352.0167	0.2599	11865
2016-02-04	1	E6	382.5667	0.2632	12780
2016-02-04	1	E6	405.45	0.2677	12955
2016-02-04	1	E6	433.3833	0.2708	13054
2016-02-04	1	E6	458.9333	0.274	13782
2016-02-04	1	E6	498.4667	0.2786	14196
2016-02-04	1	E6	539.6667	0.2801	15148
2016-02-04	1	E7	0.0	0.0524	665
2016-02-04	1	E7	44.9167	0.0562	1201
2016-02-04	1	E7	60.7833	0.0603	1368
2016-02-04	1	E7	83.0833	0.0705	1654
2016-02-04	1	E7	98.8833	0.0794	1910
2016-02-04	1	E7	113.2	0.0906	2379
2016-02-04	1	E7	130.5333	0.1082	3072
2016-02-04	1	E7	146.75	0.1283	3660
2016-02-04	1	E7	169.8833	0.1753	5226
2016-02-04	1	E7	187.4	0.219	7204
2016-02-04	1	E7	202.25	0.2553	8974
2016-02-04	1	E7	219.1	0.2606	11839
2016-02-04	1	E7	235.7	0.2516	14314
2016-02-04	1	E7	251.7667	0.2493	14771
2016-02-04	1	E7	265.5833	0.248	16285
2016-02-04	1	E7	280.85	0.2483	16607
2016-02-04	1	E7	299.7833	0.2494	16686
2016-02-04	1	E7	324.1667	0.2512	17714
2016-02-04	1	E7	352.0167	0.255	19137
2016-02-04	1	E7	382.5667	0.2587	20058
2016-02-04	1	E7	405.45	0.2632	20173
2016-02-04	1	E7	433.3833	0.2649	20790
2016-02-04	1	E7	458.9333	0.2684	22028
2016-02-04	1	E7	498.4667	0.2721	23116
2016-02-04	1	E7	539.6667	0.2739	24338
2016-02-04	1	E8	0.0	0.0512	774
2016-02-04	1	E8	44.9167	0.0665	1102
2016-02-04	1	E8	60.7833	0.061	1200
2016-02-04	1	E8	83.0833	0.0662	1397
2016-02-04	1	E8	98.8833	0.0736	1581
2016-02-04	1	E8	113.2	0.0851	1858
2016-02-04	1	E8	130.5333	0.1006	2253
2016-02-04	1	E8	146.75	0.1214	2867
2016-02-04	1	E8	169.8833	0.1648	4101
2016-02-04	1	E8	187.4	0.2135	5989
2016-02-04	1	E8	202.25	0.249	7237
2016-02-04	1	E8	219.1	0.2521	8260
2016-02-04	1	E8	235.7	0.2468	8352
2016-02-04	1	E8	251.7667	0.2465	8403
2016-02-04	1	E8	265.5833	0.2465	8570
2016-02-04	1	E8	280.85	0.2478	8837
2016-02-04	1	E8	299.7833	0.2497	8590
2016-02-04	1	E8	324.1667	0.2522	8614
2016-02-04	1	E8	352.0167	0.2569	8797
2016-02-04	1	E8	382.5667	0.2605	8856
2016-02-04	1	E8	405.45	0.2651	8797
2016-02-04	1	E8	433.3833	0.2675	8975
2016-02-04	1	E8	458.9333	0.2715	8873
2016-02-04	1	E8	498.4667	0.2766	8753
2016-02-04	1	E8	539.6667	0.2787	8835
2016-02-04	1	F4	0.0	0.0524	251
2016-02-04	1	F4	44.9167	0.0568	358
2016-02-04	1	F4	60.7833	0.057	341
2016-02-04	1	F4	83.0833	0.0651	415
2016-02-04	1	F4	98.8833	0.0724	428
2016-02-04	1	F4	113.2	0.081	605
2016-02-04	1	F4	130.5333	0.0941	797
2016-02-04	1	F4	146.75	0.1109	1056
2016-02-04	1	F4	169.8833	0.15	1563
2016-02-04	1	F4	187.4	0.1902	2032
2016-02-04	1	F4	202.25	0.233	2695
2016-02-04	1	F4	219.1	0.2585	3293
2016-02-04	1	F4	235.7	0.2511	4072
2016-02-04	1	F4	251.7667	0.2465	4147
2016-02-04	1	F4	265.5833	0.2447	4497
2016-02-04	1	F4	280.85	0.2447	4537
2016-02-04	1	F4	299.7833	0.2471	4837
2016-02-04	1	F4	324.1667	0.2501	4852
2016-02-04	1	F4	352.0167	0.2543	5323
2016-02-04	1	F4	382.5667	0.2599	5495
2016-02-04	1	F4	405.45	0.2623	5541
2016-02-04	1	F4	433.3833	0.2652	5627
2016-02-04	1	F4	458.9333	0.2687	5709
2016-02-04	1	F4	498.4667	0.2732	5853
2016-02-04	1	F4	539.6667	0.2675	5906
2016-02-04	1	F5	0.0	0.049	196
2016-02-04	1	F5	44.9167	0.062	463
2016-02-04	1	F5	60.7833	0.0559	481
2016-02-04	1	F5	83.0833	0.0629	521
2016-02-04	1	F5	98.8833	0.0703	716
2016-02-04	1	F5	113.2	0.0817	789
2016-02-04	1	F5	130.5333	0.0935	1030
2016-02-04	1	F5	146.75	0.1094	1240
2016-02-04	1	F5	169.8833	0.1477	1758
2016-02-04	1	F5	187.4	0.1876	2471
2016-02-04	1	F5	202.25	0.2344	3241
2016-02-04	1	F5	219.1	0.2579	4310
2016-02-04	1	F5	235.7	0.2521	5251
2016-02-04	1	F5	251.7667	0.2487	5642
2016-02-04	1	F5	265.5833	0.2478	5840
2016-02-04	1	F5	280.85	0.2484	6158
2016-02-04	1	F5	299.7833	0.2508	6277
2016-02-04	1	F5	324.1667	0.2539	6704
2016-02-04	1	F5	352.0167	0.2589	7311
2016-02-04	1	F5	382.5667	0.262	7582
2016-02-04	1	F5	405.45	0.267	7530
2016-02-04	1	F5	433.3833	0.2696	7727
2016-02-04	1	F5	458.9333	0.2734	8205
2016-02-04	1	F5	498.4667	0.2773	8526
2016-02-04	1	F5	539.6667	0.2791	9034
2016-02-04	1	F6	0.0	0.0498	303
2016-02-04	1	F6	44.9167	0.0555	711
2016-02-04	1	F6	60.7833	0.0602	686
2016-02-04	1	F6	83.0833	0.0624	877
2016-02-04	1	F6	98.8833	0.0704	1016
2016-02-04	1	F6	113.2	0.0805	1168
2016-02-04	1	F6	130.5333	0.0953	1596
2016-02-04	1	F6	146.75	0.1084	2026
2016-02-04	1	F6	169.8833	0.1442	2850
2016-02-04	1	F6	187.4	0.1864	4023
2016-02-04	1	F6	202.25	0.2289	5134
2016-02-04	1	F6	219.1	0.2514	6998
2016-02-04	1	F6	235.7	0.2483	8475
2016-02-04	1	F6	251.7667	0.2472	8913
2016-02-04	1	F6	265.5833	0.2474	9807
2016-02-04	1	F6	280.85	0.2482	10150
2016-02-04	1	F6	299.7833	0.2504	10477
2016-02-04	1	F6	324.1667	0.2552	10993
2016-02-04	1	F6	352.0167	0.2604	12028
2016-02-04	1	F6	382.5667	0.2668	12787
2016-02-04	1	F6	405.45	0.2693	12697
2016-02-04	1	F6	433.3833	0.2728	13184
2016-02-04	1	F6	458.9333	0.2762	13548
2016-02-04	1	F6	498.4667	0.2809	13964
2016-02-04	1	F6	539.6667	0.2818	14959
2016-02-04	1	F7	0.0	0.0497	582
2016-02-04	1	F7	44.9167	0.0592	1151
2016-02-04	1	F7	60.7833	0.0601	1177
2016-02-04	1	F7	83.0833	0.0656	1452
2016-02-04	1	F7	98.8833	0.0736	1721
2016-02-04	1	F7	113.2	0.0845	2033
2016-02-04	1	F7	130.5333	0.0959	2688
2016-02-04	1	F7	146.75	0.1138	3373
2016-02-04	1	F7	169.8833	0.153	4675
2016-02-04	1	F7	187.4	0.1981	6572
2016-02-04	1	F7	202.25	0.2412	8080
2016-02-04	1	F7	219.1	0.2603	10822
2016-02-04	1	F7	235.7	0.2534	13429
2016-02-04	1	F7	251.7667	0.2513	14466
2016-02-04	1	F7	265.5833	0.2493	15599
2016-02-04	1	F7	280.85	0.2497	16070
2016-02-04	1	F7	299.7833	0.2513	16758
2016-02-04	1	F7	324.1667	0.2538	16997
2016-02-04	1	F7	352.0167	0.2582	18794
2016-02-04	1	F7	382.5667	0.2614	19494
2016-02-04	1	F7	405.45	0.2663	19248
2016-02-04	1	F7	433.3833	0.2686	20707
2016-02-04	1	F7	458.9333	0.2726	21412
2016-02-04	1	F7	498.4667	0.2763	22719
2016-02-04	1	F7	539.6667	0.2773	24177
2016-02-04	1	F8	0.0	0.0493	695
2016-02-04	1	F8	44.9167	0.0699	1154
2016-02-04	1	F8	60.7833	0.0663	1084
2016-02-04	1	F8	83.0833	0.0658	1255
2016-02-04	1	F8	98.8833	0.0731	1512
2016-02-04	1	F8	113.2	0.0845	1725
2016-02-04	1	F8	130.5333	0.102	2427
2016-02-04	1	F8	146.75	0.1188	2816
2016-02-04	1	F8	169.8833	0.1592	4297
2016-02-04	1	F8	187.4	0.2088	5761
2016-02-04	1	F8	202.25	0.2463	6950
2016-02-04	1	F8	219.1	0.2541	7950
2016-02-04	1	F8	235.7	0.2484	8392
2016-02-04	1	F8	251.7667	0.2472	8494
2016-02-04	1	F8	265.5833	0.2483	8736
2016-02-04	1	F8	280.85	0.2498	8966
2016-02-04	1	F8	299.7833	0.2521	8612
2016-02-04	1	F8	324.1667	0.2555	8596
2016-02-04	1	F8	352.0167	0.2605	8764
2016-02-04	1	F8	382.5667	0.264	9043
2016-02-04	1	F8	405.45	0.2694	8748
2016-02-04	1	F8	433.3833	0.2718	8896
2016-02-04	1	F8	458.9333	0.2756	8973
2016-02-04	1	F8	498.4667	0.281	8806
2016-02-04	1	F8	539.6667	0.2818	8962
2016-02-04	1	G4	0.0	0.0513	482
2016-02-04	1	G4	44.9167	0.0571	354
2016-02-04	1	G4	60.7833	0.0587	367
2016-02-04	1	G4	83.0833	0.0649	475
2016-02-04	1	G4	98.8833	0.0735	510
2016-02-04	1	G4	113.2	0.0823	624
2016-02-04	1	G4	130.5333	0.0946	781
2016-02-04	1	G4	146.75	0.1101	1014
2016-02-04	1	G4	169.8833	0.1452	1591
2016-02-04	1	G4	187.4	0.187	2112
2016-02-04	1	G4	202.25	0.2297	2632
2016-02-04	1	G4	219.1	0.2543	3428
2016-02-04	1	G4	235.7	0.2471	3914
2016-02-04	1	G4	251.7667	0.2431	4261
2016-02-04	1	G4	265.5833	0.2418	4351
2016-02-04	1	G4	280.85	0.2422	4718
2016-02-04	1	G4	299.7833	0.2449	4852
2016-02-04	1	G4	324.1667	0.2475	4914
2016-02-04	1	G4	352.0167	0.2521	5250
2016-02-04	1	G4	382.5667	0.2571	5391
2016-02-04	1	G4	405.45	0.2597	5576
2016-02-04	1	G4	433.3833	0.2622	5833
2016-02-04	1	G4	458.9333	0.2655	5945
2016-02-04	1	G4	498.4667	0.2693	5983
2016-02-04	1	G4	539.6667	0.2633	6239
2016-02-04	1	G5	0.0	0.049	221
2016-02-04	1	G5	44.9167	0.0581	486
2016-02-04	1	G5	60.7833	0.0585	549
2016-02-04	1	G5	83.0833	0.0653	569
2016-02-04	1	G5	98.8833	0.0734	661
2016-02-04	1	G5	113.2	0.0837	814
2016-02-04	1	G5	130.5333	0.0952	959
2016-02-04	1	G5	146.75	0.1146	1228
2016-02-04	1	G5	169.8833	0.1483	1923
2016-02-04	1	G5	187.4	0.1922	2530
2016-02-04	1	G5	202.25	0.239	3206
2016-02-04	1	G5	219.1	0.259	4399
2016-02-04	1	G5	235.7	0.2518	5450
2016-02-04	1	G5	251.7667	0.2484	5431
2016-02-04	1	G5	265.5833	0.248	5990
2016-02-04	1	G5	280.85	0.2487	6063
2016-02-04	1	G5	299.7833	0.2507	6418
2016-02-04	1	G5	324.1667	0.254	6889
2016-02-04	1	G5	352.0167	0.2581	7250
2016-02-04	1	G5	382.5667	0.2619	8037
2016-02-04	1	G5	405.45	0.2664	7566
2016-02-04	1	G5	433.3833	0.269	7715
2016-02-04	1	G5	458.9333	0.2724	8297
2016-02-04	1	G5	498.4667	0.2758	8618
2016-02-04	1	G5	539.6667	0.27	8808
2016-02-04	1	G6	0.0	0.0471	322
2016-02-04	1	G6	44.9167	0.0651	678
2016-02-04	1	G6	60.7833	0.0558	781
2016-02-04	1	G6	83.0833	0.0664	988
2016-02-04	1	G6	98.8833	0.0698	1130
2016-02-04	1	G6	113.2	0.081	1387
2016-02-04	1	G6	130.5333	0.0971	1699
2016-02-04	1	G6	146.75	0.1153	2093
2016-02-04	1	G6	169.8833	0.1527	3240
2016-02-04	1	G6	187.4	0.1965	4255
2016-02-04	1	G6	202.25	0.2385	5560
2016-02-04	1	G6	219.1	0.2558	7362
2016-02-04	1	G6	235.7	0.2498	8623
2016-02-04	1	G6	251.7667	0.2478	9360
2016-02-04	1	G6	265.5833	0.2485	10138
2016-02-04	1	G6	280.85	0.2498	10576
2016-02-04	1	G6	299.7833	0.2515	10945
2016-02-04	1	G6	324.1667	0.2561	11101
2016-02-04	1	G6	352.0167	0.2606	11801
2016-02-04	1	G6	382.5667	0.2667	12715
2016-02-04	1	G6	405.45	0.2685	12808
2016-02-04	1	G6	433.3833	0.272	13354
2016-02-04	1	G6	458.9333	0.2757	13610
2016-02-04	1	G6	498.4667	0.2796	14069
2016-02-04	1	G6	539.6667	0.2795	15055
2016-02-04	1	G7	0.0	0.0489	521
2016-02-04	1	G7	44.9167	0.0608	1245
2016-02-04	1	G7	60.7833	0.0608	1363
2016-02-04	1	G7	83.0833	0.0706	1636
2016-02-04	1	G7	98.8833	0.0783	1890
2016-02-04	1	G7	113.2	0.0898	2294
2016-02-04	1	G7	130.5333	0.1049	2877
2016-02-04	1	G7	146.75	0.127	3676
2016-02-04	1	G7	169.8833	0.1709	5098
2016-02-04	1	G7	187.4	0.2191	6999
2016-02-04	1	G7	202.25	0.2582	8668
2016-02-04	1	G7	219.1	0.2625	11867
2016-02-04	1	G7	235.7	0.2549	14064
2016-02-04	1	G7	251.7667	0.2527	14808
2016-02-04	1	G7	265.5833	0.2512	15997
2016-02-04	1	G7	280.85	0.2518	16567
2016-02-04	1	G7	299.7833	0.2525	17131
2016-02-04	1	G7	324.1667	0.2555	17779
2016-02-04	1	G7	352.0167	0.2593	18872
2016-02-04	1	G7	382.5667	0.2626	19869
2016-02-04	1	G7	405.45	0.2673	19576
2016-02-04	1	G7	433.3833	0.2695	20784
2016-02-04	1	G7	458.9333	0.2728	21210
2016-02-04	1	G7	498.4667	0.2767	22991
2016-02-04	1	G7	539.6667	0.2776	24539
2016-02-04	1	G8	0.0	0.0496	602
2016-02-04	1	G8	44.9167	0.0641	978
2016-02-04	1	G8	60.7833	0.0623	1080
2016-02-04	1	G8	83.0833	0.0615	1262
2016-02-04	1	G8	98.8833	0.0686	1476
2016-02-04	1	G8	113.2	0.0827	1743
2016-02-04	1	G8	130.5333	0.0966	2254
2016-02-04	1	G8	146.75	0.1114	2789
2016-02-04	1	G8	169.8833	0.1505	4064
2016-02-04	1	G8	187.4	0.1931	5662
2016-02-04	1	G8	202.25	0.2368	6865
2016-02-04	1	G8	219.1	0.2512	7981
2016-02-04	1	G8	235.7	0.2472	8406
2016-02-04	1	G8	251.7667	0.2461	8578
2016-02-04	1	G8	265.5833	0.2456	8798
2016-02-04	1	G8	280.85	0.2467	8634
2016-02-04	1	G8	299.7833	0.2496	8481
2016-02-04	1	G8	324.1667	0.2539	8722
2016-02-04	1	G8	352.0167	0.2594	8972
2016-02-04	1	G8	382.5667	0.2651	9114
2016-02-04	1	G8	405.45	0.268	8740
2016-02-04	1	G8	433.3833	0.2706	8749
2016-02-04	1	G8	458.9333	0.2748	9175
2016-02-04	1	G8	498.4667	0.28	9026
2016-02-04	1	G8	539.6667	0.2802	8858
2016-02-04	2	B3	0.0	0.0567	374
2016-02-04	2	B3	44.8667	0.0522	451
2016-02-04	2	B3	60.4667	0.056	481
2016-02-04	2	B3	82.7333	0.0631	581
2016-02-04	2	B3	98.7333	0.0806	634
2016-02-04	2	B3	112.8333	0.0787	756
2016-02-04	2	B3	130.1833	0.0991	898
2016-02-04	2	B3	146.45	0.1109	1170
2016-02-04	2	B3	169.6667	0.1782	1768
2016-02-04	2	B3	187.3167	0.1857	2336
2016-02-04	2	B3	201.8667	0.2119	2988
2016-02-04	2	B3	218.7833	0.2208	3568
2016-02-04	2	B3	235.3333	0.2225	3960
2016-02-04	2	B3	251.55	0.2244	4227
2016-02-04	2	B3	265.3833	0.2234	4419
2016-02-04	2	B3	280.6333	0.2229	4578
2016-02-04	2	B3	299.4667	0.2253	4559
2016-02-04	2	B3	323.7667	0.2269	4518
2016-02-04	2	B3	351.65	0.2276	4624
2016-02-04	2	B3	382.2667	0.2306	4539
2016-02-04	2	B3	405.1667	0.2346	5098
2016-02-04	2	B3	433.0833	0.2368	4889
2016-02-04	2	B3	458.6	0.2388	5020
2016-02-04	2	B3	498.6167	0.2426	4924
2016-02-04	2	B3	539.65	0.2486	4912
2016-02-04	2	B5	0.0	0.0492	407
2016-02-04	2	B5	44.8667	0.0529	410
2016-02-04	2	B5	60.4667	0.0575	478
2016-02-04	2	B5	82.7333	0.0628	543
2016-02-04	2	B5	98.7333	0.0759	671
2016-02-04	2	B5	112.8333	0.0817	689
2016-02-04	2	B5	130.1833	0.1048	897
2016-02-04	2	B5	146.45	0.1153	1138
2016-02-04	2	B5	169.6667	0.1514	1766
2016-02-04	2	B5	187.3167	0.1965	2192
2016-02-04	2	B5	201.8667	0.2218	2818
2016-02-04	2	B5	218.7833	0.2277	3324
2016-02-04	2	B5	235.3333	0.2276	3862
2016-02-04	2	B5	251.55	0.2297	3981
2016-02-04	2	B5	265.3833	0.2299	4150
2016-02-04	2	B5	280.6333	0.2301	4232
2016-02-04	2	B5	299.4667	0.2318	4277
2016-02-04	2	B5	323.7667	0.2345	4381
2016-02-04	2	B5	351.65	0.2373	4638
2016-02-04	2	B5	382.2667	0.2405	4629
2016-02-04	2	B5	405.1667	0.2436	4764
2016-02-04	2	B5	433.0833	0.248	4756
2016-02-04	2	B5	458.6	0.2493	4808
2016-02-04	2	B5	498.6167	0.2538	4935
2016-02-04	2	B5	539.65	0.2601	4828
2016-02-04	2	B6	0.0	0.0568	240
2016-02-04	2	B6	44.8667	0.0549	339
2016-02-04	2	B6	60.4667	0.0595	431
2016-02-04	2	B6	82.7333	0.0645	482
2016-02-04	2	B6	98.7333	0.0732	521
2016-02-04	2	B6	112.8333	0.0802	628
2016-02-04	2	B6	130.1833	0.0952	798
2016-02-04	2	B6	146.45	0.1131	996
2016-02-04	2	B6	169.6667	0.1484	1520
2016-02-04	2	B6	187.3167	0.1912	1976
2016-02-04	2	B6	201.8667	0.2134	2509
2016-02-04	2	B6	218.7833	0.2282	3128
2016-02-04	2	B6	235.3333	0.2293	3624
2016-02-04	2	B6	251.55	0.2316	3876
2016-02-04	2	B6	265.3833	0.2354	4054
2016-02-04	2	B6	280.6333	0.2344	4186
2016-02-04	2	B6	299.4667	0.2358	4289
2016-02-04	2	B6	323.7667	0.2402	4137
2016-02-04	2	B6	351.65	0.2454	4694
2016-02-04	2	B6	382.2667	0.2503	4685
2016-02-04	2	B6	405.1667	0.2529	4677
2016-02-04	2	B6	433.0833	0.2575	4626
2016-02-04	2	B6	458.6	0.26	4929
2016-02-04	2	B6	498.6167	0.2639	4911
2016-02-04	2	B6	539.65	0.2708	4895
2016-02-04	2	B7	0.0	0.052	414
2016-02-04	2	B7	44.8667	0.0533	572
2016-02-04	2	B7	60.4667	0.0571	663
2016-02-04	2	B7	82.7333	0.0647	748
2016-02-04	2	B7	98.7333	0.0702	868
2016-02-04	2	B7	112.8333	0.0805	929
2016-02-04	2	B7	130.1833	0.1021	1143
2016-02-04	2	B7	146.45	0.1112	1404
2016-02-04	2	B7	169.6667	0.1433	2069
2016-02-04	2	B7	187.3167	0.1786	2790
2016-02-04	2	B7	201.8667	0.2106	3524
2016-02-04	2	B7	218.7833	0.2254	4495
2016-02-04	2	B7	235.3333	0.227	5043
2016-02-04	2	B7	251.55	0.2315	5249
2016-02-04	2	B7	265.3833	0.2324	5608
2016-02-04	2	B7	280.6333	0.2332	5560
2016-02-04	2	B7	299.4667	0.2333	5479
2016-02-04	2	B7	323.7667	0.2368	5841
2016-02-04	2	B7	351.65	0.2409	5985
2016-02-04	2	B7	382.2667	0.2446	5987
2016-02-04	2	B7	405.1667	0.2492	6437
2016-02-04	2	B7	433.0833	0.2524	5847
2016-02-04	2	B7	458.6	0.254	6427
2016-02-04	2	B7	498.6167	0.2587	6208
2016-02-04	2	B7	539.65	0.265	6191
2016-02-04	2	B8	0.0	0.0525	380
2016-02-04	2	B8	44.8667	0.0532	607
2016-02-04	2	B8	60.4667	0.0663	675
2016-02-04	2	B8	82.7333	0.0681	741
2016-02-04	2	B8	98.7333	0.082	778
2016-02-04	2	B8	112.8333	0.0817	911
2016-02-04	2	B8	130.1833	0.1059	1213
2016-02-04	2	B8	146.45	0.1091	1512
2016-02-04	2	B8	169.6667	0.1509	2066
2016-02-04	2	B8	187.3167	0.1871	2824
2016-02-04	2	B8	201.8667	0.2143	3520
2016-02-04	2	B8	218.7833	0.2286	4243
2016-02-04	2	B8	235.3333	0.2288	4986
2016-02-04	2	B8	251.55	0.2342	5345
2016-02-04	2	B8	265.3833	0.2343	5498
2016-02-04	2	B8	280.6333	0.2347	5671
2016-02-04	2	B8	299.4667	0.2363	5558
2016-02-04	2	B8	323.7667	0.2409	6009
2016-02-04	2	B8	351.65	0.2438	6032
2016-02-04	2	B8	382.2667	0.2486	6281
2016-02-04	2	B8	405.1667	0.2523	6345
2016-02-04	2	B8	433.0833	0.2567	6162
2016-02-04	2	B8	458.6	0.2578	6573
2016-02-04	2	B8	498.6167	0.2626	6648
2016-02-04	2	B8	539.65	0.2693	6825
2016-02-04	2	B9	0.0	0.0562	418
2016-02-04	2	B9	44.8667	0.0535	549
2016-02-04	2	B9	60.4667	0.056	550
2016-02-04	2	B9	82.7333	0.0673	703
2016-02-04	2	B9	98.7333	0.0734	827
2016-02-04	2	B9	112.8333	0.0878	856
2016-02-04	2	B9	130.1833	0.103	1124
2016-02-04	2	B9	146.45	0.1131	1389
2016-02-04	2	B9	169.6667	0.1455	1971
2016-02-04	2	B9	187.3167	0.188	2629
2016-02-04	2	B9	201.8667	0.215	3288
2016-02-04	2	B9	218.7833	0.2256	4278
2016-02-04	2	B9	235.3333	0.2261	4720
2016-02-04	2	B9	251.55	0.2299	5128
2016-02-04	2	B9	265.3833	0.2324	5383
2016-02-04	2	B9	280.6333	0.2351	5617
2016-02-04	2	B9	299.4667	0.238	5664
2016-02-04	2	B9	323.7667	0.2414	5711
2016-02-04	2	B9	351.65	0.2465	5941
2016-02-04	2	B9	382.2667	0.2517	6287
2016-02-04	2	B9	405.1667	0.2551	6239
2016-02-04	2	B9	433.0833	0.2597	6347
2016-02-04	2	B9	458.6	0.2611	6468
2016-02-04	2	B9	498.6167	0.2658	6533
2016-02-04	2	B9	539.65	0.2715	6712
2016-02-04	2	C3	0.0	0.0557	277
2016-02-04	2	C3	44.8667	0.0541	444
2016-02-04	2	C3	60.4667	0.0586	480
2016-02-04	2	C3	82.7333	0.0642	532
2016-02-04	2	C3	98.7333	0.0717	580
2016-02-04	2	C3	112.8333	0.0783	713
2016-02-04	2	C3	130.1833	0.0939	815
2016-02-04	2	C3	146.45	0.1076	1135
2016-02-04	2	C3	169.6667	0.147	1610
2016-02-04	2	C3	187.3167	0.1864	2029
2016-02-04	2	C3	201.8667	0.2044	2811
2016-02-04	2	C3	218.7833	0.2198	3427
2016-02-04	2	C3	235.3333	0.2226	3886
2016-02-04	2	C3	251.55	0.2242	4163
2016-02-04	2	C3	265.3833	0.2254	4434
2016-02-04	2	C3	280.6333	0.2267	4254
2016-02-04	2	C3	299.4667	0.2284	4387
2016-02-04	2	C3	323.7667	0.2304	4542
2016-02-04	2	C3	351.65	0.2323	4669
2016-02-04	2	C3	382.2667	0.2374	4788
2016-02-04	2	C3	405.1667	0.2398	4813
2016-02-04	2	C3	433.0833	0.243	4763
2016-02-04	2	C3	458.6	0.2442	4956
2016-02-04	2	C3	498.6167	0.2493	4891
2016-02-04	2	C3	539.65	0.2549	4975
2016-02-04	2	C4	0.0	0.0523	147
2016-02-04	2	C4	44.8667	0.0519	370
2016-02-04	2	C4	60.4667	0.0554	403
2016-02-04	2	C4	82.7333	0.0632	501
2016-02-04	2	C4	98.7333	0.084	609
2016-02-04	2	C4	112.8333	0.0813	746
2016-02-04	2	C4	130.1833	0.1013	858
2016-02-04	2	C4	146.45	0.1102	1185
2016-02-04	2	C4	169.6667	0.1619	1752
2016-02-04	2	C4	187.3167	0.1838	2322
2016-02-04	2	C4	201.8667	0.2108	2766
2016-02-04	2	C4	218.7833	0.2223	3434
2016-02-04	2	C4	235.3333	0.2233	3836
2016-02-04	2	C4	251.55	0.2261	4176
2016-02-04	2	C4	265.3833	0.2244	4191
2016-02-04	2	C4	280.6333	0.2253	4205
2016-02-04	2	C4	299.4667	0.2259	4385
2016-02-04	2	C4	323.7667	0.228	4368
2016-02-04	2	C4	351.65	0.23	4456
2016-02-04	2	C4	382.2667	0.2341	4552
2016-02-04	2	C4	405.1667	0.2364	4632
2016-02-04	2	C4	433.0833	0.2404	4692
2016-02-04	2	C4	458.6	0.2413	4591
2016-02-04	2	C4	498.6167	0.2462	4702
2016-02-04	2	C4	539.65	0.2521	4752
2016-02-04	2	C5	0.0	0.0569	232
2016-02-04	2	C5	44.8667	0.0537	365
2016-02-04	2	C5	60.4667	0.0584	394
2016-02-04	2	C5	82.7333	0.0639	512
2016-02-04	2	C5	98.7333	0.0757	563
2016-02-04	2	C5	112.8333	0.0806	684
2016-02-04	2	C5	130.1833	0.0984	883
2016-02-04	2	C5	146.45	0.1128	1081
2016-02-04	2	C5	169.6667	0.1458	1631
2016-02-04	2	C5	187.3167	0.1823	2095
2016-02-04	2	C5	201.8667	0.2116	2597
2016-02-04	2	C5	218.7833	0.2262	3288
2016-02-04	2	C5	235.3333	0.2267	3712
2016-02-04	2	C5	251.55	0.2303	3972
2016-02-04	2	C5	265.3833	0.2315	4109
2016-02-04	2	C5	280.6333	0.2326	4308
2016-02-04	2	C5	299.4667	0.2343	4382
2016-02-04	2	C5	323.7667	0.238	4482
2016-02-04	2	C5	351.65	0.2418	4498
2016-02-04	2	C5	382.2667	0.2463	4655
2016-02-04	2	C5	405.1667	0.249	4878
2016-02-04	2	C5	433.0833	0.2537	4829
2016-02-04	2	C5	458.6	0.2549	4845
2016-02-04	2	C5	498.6167	0.2601	4710
2016-02-04	2	C5	539.65	0.2672	4886
2016-02-04	2	C6	0.0	0.0488	255
2016-02-04	2	C6	44.8667	0.052	369
2016-02-04	2	C6	60.4667	0.0566	440
2016-02-04	2	C6	82.7333	0.063	500
2016-02-04	2	C6	98.7333	0.0705	567
2016-02-04	2	C6	112.8333	0.0786	611
2016-02-04	2	C6	130.1833	0.0946	808
2016-02-04	2	C6	146.45	0.115	967
2016-02-04	2	C6	169.6667	0.147	1472
2016-02-04	2	C6	187.3167	0.1821	2022
2016-02-04	2	C6	201.8667	0.2119	2379
2016-02-04	2	C6	218.7833	0.2268	3080
2016-02-04	2	C6	235.3333	0.2277	3525
2016-02-04	2	C6	251.55	0.2303	3760
2016-02-04	2	C6	265.3833	0.2312	3975
2016-02-04	2	C6	280.6333	0.2319	4244
2016-02-04	2	C6	299.4667	0.2329	4183
2016-02-04	2	C6	323.7667	0.2368	4405
2016-02-04	2	C6	351.65	0.2395	4457
2016-02-04	2	C6	382.2667	0.2422	4723
2016-02-04	2	C6	405.1667	0.2459	5023
2016-02-04	2	C6	433.0833	0.2493	4680
2016-02-04	2	C6	458.6	0.2516	4965
2016-02-04	2	C6	498.6167	0.2554	4915
2016-02-04	2	C6	539.65	0.2618	5008
2016-02-04	2	C7	0.0	0.0476	265
2016-02-04	2	C7	44.8667	0.0513	579
2016-02-04	2	C7	60.4667	0.0548	588
2016-02-04	2	C7	82.7333	0.0624	615
2016-02-04	2	C7	98.7333	0.0703	732
2016-02-04	2	C7	112.8333	0.078	867
2016-02-04	2	C7	130.1833	0.0932	1112
2016-02-04	2	C7	146.45	0.1078	1412
2016-02-04	2	C7	169.6667	0.1394	2076
2016-02-04	2	C7	187.3167	0.1796	2638
2016-02-04	2	C7	201.8667	0.2075	3512
2016-02-04	2	C7	218.7833	0.2236	4380
2016-02-04	2	C7	235.3333	0.2249	4967
2016-02-04	2	C7	251.55	0.2304	5312
2016-02-04	2	C7	265.3833	0.2298	5639
2016-02-04	2	C7	280.6333	0.2304	5547
2016-02-04	2	C7	299.4667	0.2313	5652
2016-02-04	2	C7	323.7667	0.2344	5745
2016-02-04	2	C7	351.65	0.2385	5830
2016-02-04	2	C7	382.2667	0.2429	5990
2016-02-04	2	C7	405.1667	0.2467	6067
2016-02-04	2	C7	433.0833	0.2505	5947
2016-02-04	2	C7	458.6	0.2522	6345
2016-02-04	2	C7	498.6167	0.2566	6341
2016-02-04	2	C7	539.65	0.2628	6280
2016-02-04	2	C8	0.0	0.048	405
2016-02-04	2	C8	44.8667	0.0539	562
2016-02-04	2	C8	60.4667	0.0554	576
2016-02-04	2	C8	82.7333	0.0611	695
2016-02-04	2	C8	98.7333	0.0698	758
2016-02-04	2	C8	112.8333	0.0783	845
2016-02-04	2	C8	130.1833	0.1016	1086
2016-02-04	2	C8	146.45	0.1077	1418
2016-02-04	2	C8	169.6667	0.1518	1951
2016-02-04	2	C8	187.3167	0.1763	2544
2016-02-04	2	C8	201.8667	0.2091	3349
2016-02-04	2	C8	218.7833	0.2271	4134
2016-02-04	2	C8	235.3333	0.2284	4842
2016-02-04	2	C8	251.55	0.2306	5236
2016-02-04	2	C8	265.3833	0.2328	5264
2016-02-04	2	C8	280.6333	0.2337	5800
2016-02-04	2	C8	299.4667	0.2355	5735
2016-02-04	2	C8	323.7667	0.2391	5566
2016-02-04	2	C8	351.65	0.2423	6142
2016-02-04	2	C8	382.2667	0.2482	6353
2016-02-04	2	C8	405.1667	0.2513	6332
2016-02-04	2	C8	433.0833	0.2554	6272
2016-02-04	2	C8	458.6	0.2566	6763
2016-02-04	2	C8	498.6167	0.2615	6709
2016-02-04	2	C8	539.65	0.2678	6736
2016-02-04	2	C9	0.0	0.0545	398
2016-02-04	2	C9	44.8667	0.0533	589
2016-02-04	2	C9	60.4667	0.0581	569
2016-02-04	2	C9	82.7333	0.0674	673
2016-02-04	2	C9	98.7333	0.0709	794
2016-02-04	2	C9	112.8333	0.0816	834
2016-02-04	2	C9	130.1833	0.0938	1028
2016-02-04	2	C9	146.45	0.1113	1267
2016-02-04	2	C9	169.6667	0.15	1834
2016-02-04	2	C9	187.3167	0.1856	2575
2016-02-04	2	C9	201.8667	0.2159	3310
2016-02-04	2	C9	218.7833	0.2312	4023
2016-02-04	2	C9	235.3333	0.2297	4653
2016-02-04	2	C9	251.55	0.2342	5010
2016-02-04	2	C9	265.3833	0.2351	5379
2016-02-04	2	C9	280.6333	0.237	5660
2016-02-04	2	C9	299.4667	0.2408	5769
2016-02-04	2	C9	323.7667	0.2444	5866
2016-02-04	2	C9	351.65	0.2488	6099
2016-02-04	2	C9	382.2667	0.2545	6096
2016-02-04	2	C9	405.1667	0.2571	6441
2016-02-04	2	C9	433.0833	0.2619	6505
2016-02-04	2	C9	458.6	0.2635	6613
2016-02-04	2	C9	498.6167	0.2683	6776
2016-02-04	2	C9	539.65	0.2747	6767
2016-02-04	2	D3	0.0	0.0532	192
2016-02-04	2	D3	44.8667	0.0544	436
2016-02-04	2	D3	60.4667	0.0587	440
2016-02-04	2	D3	82.7333	0.0627	596
2016-02-04	2	D3	98.7333	0.0763	598
2016-02-04	2	D3	112.8333	0.0775	730
2016-02-04	2	D3	130.1833	0.0999	920
2016-02-04	2	D3	146.45	0.1123	1082
2016-02-04	2	D3	169.6667	0.1451	1628
2016-02-04	2	D3	187.3167	0.1837	2271
2016-02-04	2	D3	201.8667	0.1978	2782
2016-02-04	2	D3	218.7833	0.2137	3574
2016-02-04	2	D3	235.3333	0.2161	3984
2016-02-04	2	D3	251.55	0.2184	4187
2016-02-04	2	D3	265.3833	0.2194	4138
2016-02-04	2	D3	280.6333	0.2209	4226
2016-02-04	2	D3	299.4667	0.2227	4311
2016-02-04	2	D3	323.7667	0.224	4432
2016-02-04	2	D3	351.65	0.2262	4565
2016-02-04	2	D3	382.2667	0.2318	4636
2016-02-04	2	D3	405.1667	0.2336	4953
2016-02-04	2	D3	433.0833	0.2369	4842
2016-02-04	2	D3	458.6	0.2386	4777
2016-02-04	2	D3	498.6167	0.2425	4762
2016-02-04	2	D3	539.65	0.2484	5098
2016-02-04	2	D4	0.0	0.0584	414
2016-02-04	2	D4	44.8667	0.0539	438
2016-02-04	2	D4	60.4667	0.0593	462
2016-02-04	2	D4	82.7333	0.0623	502
2016-02-04	2	D4	98.7333	0.0727	571
2016-02-04	2	D4	112.8333	0.0781	683
2016-02-04	2	D4	130.1833	0.0958	842
2016-02-04	2	D4	146.45	0.1155	1140
2016-02-04	2	D4	169.6667	0.1524	1699
2016-02-04	2	D4	187.3167	0.184	2135
2016-02-04	2	D4	201.8667	0.2043	2731
2016-02-04	2	D4	218.7833	0.2152	3386
2016-02-04	2	D4	235.3333	0.2177	3571
2016-02-04	2	D4	251.55	0.2199	3833
2016-02-04	2	D4	265.3833	0.2228	4136
2016-02-04	2	D4	280.6333	0.2218	4122
2016-02-04	2	D4	299.4667	0.2235	4022
2016-02-04	2	D4	323.7667	0.2255	4122
2016-02-04	2	D4	351.65	0.2291	4399
2016-02-04	2	D4	382.2667	0.2337	4417
2016-02-04	2	D4	405.1667	0.2356	4482
2016-02-04	2	D4	433.0833	0.2395	4496
2016-02-04	2	D4	458.6	0.2414	4677
2016-02-04	2	D4	498.6167	0.2467	4527
2016-02-04	2	D4	539.65	0.2525	4564
2016-02-04	2	D5	0.0	0.0491	216
2016-02-04	2	D5	44.8667	0.0516	430
2016-02-04	2	D5	60.4667	0.0569	400
2016-02-04	2	D5	82.7333	0.0618	453
2016-02-04	2	D5	98.7333	0.0735	598
2016-02-04	2	D5	112.8333	0.0807	692
2016-02-04	2	D5	130.1833	0.0969	842
2016-02-04	2	D5	146.45	0.1154	1090
2016-02-04	2	D5	169.6667	0.1452	1678
2016-02-04	2	D5	187.3167	0.1796	2157
2016-02-04	2	D5	201.8667	0.2072	2653
2016-02-04	2	D5	218.7833	0.2197	3313
2016-02-04	2	D5	235.3333	0.2212	3687
2016-02-04	2	D5	251.55	0.224	3861
2016-02-04	2	D5	265.3833	0.2242	4175
2016-02-04	2	D5	280.6333	0.2251	4062
2016-02-04	2	D5	299.4667	0.225	4185
2016-02-04	2	D5	323.7667	0.2286	4485
2016-02-04	2	D5	351.65	0.2307	4329
2016-02-04	2	D5	382.2667	0.2338	4675
2016-02-04	2	D5	405.1667	0.2368	4625
2016-02-04	2	D5	433.0833	0.2404	4534
2016-02-04	2	D5	458.6	0.2423	4725
2016-02-04	2	D5	498.6167	0.2467	4834
2016-02-04	2	D5	539.65	0.2535	4964
2016-02-04	2	D6	0.0	0.0501	197
2016-02-04	2	D6	44.8667	0.056	358
2016-02-04	2	D6	60.4667	0.0593	392
2016-02-04	2	D6	82.7333	0.0678	445
2016-02-04	2	D6	98.7333	0.0742	562
2016-02-04	2	D6	112.8333	0.0798	646
2016-02-04	2	D6	130.1833	0.0917	816
2016-02-04	2	D6	146.45	0.1118	972
2016-02-04	2	D6	169.6667	0.138	1392
2016-02-04	2	D6	187.3167	0.1764	1792
2016-02-04	2	D6	201.8667	0.2037	2394
2016-02-04	2	D6	218.7833	0.2202	2995
2016-02-04	2	D6	235.3333	0.2217	3362
2016-02-04	2	D6	251.55	0.2246	3578
2016-02-04	2	D6	265.3833	0.2261	3847
2016-02-04	2	D6	280.6333	0.2283	3963
2016-02-04	2	D6	299.4667	0.2297	4022
2016-02-04	2	D6	323.7667	0.2332	4125
2016-02-04	2	D6	351.65	0.2382	4245
2016-02-04	2	D6	382.2667	0.2432	4543
2016-02-04	2	D6	405.1667	0.2459	4614
2016-02-04	2	D6	433.0833	0.2502	4598
2016-02-04	2	D6	458.6	0.2524	4517
2016-02-04	2	D6	498.6167	0.257	4680
2016-02-04	2	D6	539.65	0.264	4812
2016-02-04	2	D7	0.0	0.0485	293
2016-02-04	2	D7	44.8667	0.0532	590
2016-02-04	2	D7	60.4667	0.0582	653
2016-02-04	2	D7	82.7333	0.0672	668
2016-02-04	2	D7	98.7333	0.0733	757
2016-02-04	2	D7	112.8333	0.0788	859
2016-02-04	2	D7	130.1833	0.0942	1133
2016-02-04	2	D7	146.45	0.1103	1303
2016-02-04	2	D7	169.6667	0.1433	1953
2016-02-04	2	D7	187.3167	0.1752	2710
2016-02-04	2	D7	201.8667	0.2063	3493
2016-02-04	2	D7	218.7833	0.2255	4282
2016-02-04	2	D7	235.3333	0.2234	4916
2016-02-04	2	D7	251.55	0.2271	5257
2016-02-04	2	D7	265.3833	0.2298	5684
2016-02-04	2	D7	280.6333	0.2315	5745
2016-02-04	2	D7	299.4667	0.2329	5757
2016-02-04	2	D7	323.7667	0.2371	5857
2016-02-04	2	D7	351.65	0.2418	5828
2016-02-04	2	D7	382.2667	0.2483	5968
2016-02-04	2	D7	405.1667	0.2508	6101
2016-02-04	2	D7	433.0833	0.2554	6093
2016-02-04	2	D7	458.6	0.2572	6040
2016-02-04	2	D7	498.6167	0.2622	6212
2016-02-04	2	D7	539.65	0.2685	6397
2016-02-04	2	D8	0.0	0.05	380
2016-02-04	2	D8	44.8667	0.052	653
2016-02-04	2	D8	60.4667	0.0549	613
2016-02-04	2	D8	82.7333	0.0637	775
2016-02-04	2	D8	98.7333	0.0732	816
2016-02-04	2	D8	112.8333	0.0888	993
2016-02-04	2	D8	130.1833	0.0985	1331
2016-02-04	2	D8	146.45	0.1224	1489
2016-02-04	2	D8	169.6667	0.1473	2175
2016-02-04	2	D8	187.3167	0.1887	2745
2016-02-04	2	D8	201.8667	0.2149	3784
2016-02-04	2	D8	218.7833	0.2265	4475
2016-02-04	2	D8	235.3333	0.2265	5142
2016-02-04	2	D8	251.55	0.2289	5458
2016-02-04	2	D8	265.3833	0.2293	5587
2016-02-04	2	D8	280.6333	0.2313	5677
2016-02-04	2	D8	299.4667	0.2321	5699
2016-02-04	2	D8	323.7667	0.2355	5827
2016-02-04	2	D8	351.65	0.2385	6060
2016-02-04	2	D8	382.2667	0.244	6540
2016-02-04	2	D8	405.1667	0.247	6560
2016-02-04	2	D8	433.0833	0.251	6411
2016-02-04	2	D8	458.6	0.2521	6372
2016-02-04	2	D8	498.6167	0.2563	6607
2016-02-04	2	D8	539.65	0.2634	6963
2016-02-04	2	D9	0.0	0.0507	336
2016-02-04	2	D9	44.8667	0.052	622
2016-02-04	2	D9	60.4667	0.0553	597
2016-02-04	2	D9	82.7333	0.0683	745
2016-02-04	2	D9	98.7333	0.0734	772
2016-02-04	2	D9	112.8333	0.0838	882
2016-02-04	2	D9	130.1833	0.0974	1123
2016-02-04	2	D9	146.45	0.1125	1442
2016-02-04	2	D9	169.6667	0.145	1980
2016-02-04	2	D9	187.3167	0.1857	2688
2016-02-04	2	D9	201.8667	0.2118	3179
2016-02-04	2	D9	218.7833	0.2234	4124
2016-02-04	2	D9	235.3333	0.2241	4730
2016-02-04	2	D9	251.55	0.2281	5245
2016-02-04	2	D9	265.3833	0.2294	5582
2016-02-04	2	D9	280.6333	0.2306	5499
2016-02-04	2	D9	299.4667	0.2332	5489
2016-02-04	2	D9	323.7667	0.2363	5779
2016-02-04	2	D9	351.65	0.2402	6111
2016-02-04	2	D9	382.2667	0.2453	6176
2016-02-04	2	D9	405.1667	0.2486	6371
2016-02-04	2	D9	433.0833	0.2519	6218
2016-02-04	2	D9	458.6	0.2538	6512
2016-02-04	2	D9	498.6167	0.2587	6807
2016-02-04	2	D9	539.65	0.2645	6828
2016-02-04	2	E10	0.0	0.058	1025
2016-02-04	2	E10	44.8667	0.0521	1260
2016-02-04	2	E10	60.4667	0.0567	1316
2016-02-04	2	E10	82.7333	0.0623	1375
2016-02-04	2	E10	98.7333	0.0689	1787
2016-02-04	2	E10	112.8333	0.0769	2062
2016-02-04	2	E10	130.1833	0.0897	2549
2016-02-04	2	E10	146.45	0.1054	3181
2016-02-04	2	E10	169.6667	0.1381	4442
2016-02-04	2	E10	187.3167	0.1741	5790
2016-02-04	2	E10	201.8667	0.2081	7856
2016-02-04	2	E10	218.7833	0.2289	9878
2016-02-04	2	E10	235.3333	0.2276	11072
2016-02-04	2	E10	251.55	0.2309	11852
2016-02-04	2	E10	265.3833	0.2323	12758
2016-02-04	2	E10	280.6333	0.233	12871
2016-02-04	2	E10	299.4667	0.2347	12738
2016-02-04	2	E10	323.7667	0.2389	12745
2016-02-04	2	E10	351.65	0.2422	13513
2016-02-04	2	E10	382.2667	0.2479	14152
2016-02-04	2	E10	405.1667	0.2507	14145
2016-02-04	2	E10	433.0833	0.2538	14066
2016-02-04	2	E10	458.6	0.2558	14386
2016-02-04	2	E10	498.6167	0.2602	14693
2016-02-04	2	E10	539.65	0.267	14742
2016-02-04	2	E3	0.0	0.052	903
2016-02-04	2	E3	44.8667	0.0524	914
2016-02-04	2	E3	60.4667	0.0569	903
2016-02-04	2	E3	82.7333	0.0645	1057
2016-02-04	2	E3	98.7333	0.0707	1314
2016-02-04	2	E3	112.8333	0.0779	1373
2016-02-04	2	E3	130.1833	0.0929	1804
2016-02-04	2	E3	146.45	0.11	2402
2016-02-04	2	E3	169.6667	0.1468	3320
2016-02-04	2	E3	187.3167	0.1866	4303
2016-02-04	2	E3	201.8667	0.2225	5431
2016-02-04	2	E3	218.7833	0.2439	6778
2016-02-04	2	E3	235.3333	0.2428	8073
2016-02-04	2	E3	251.55	0.2422	8779
2016-02-04	2	E3	265.3833	0.2396	9072
2016-02-04	2	E3	280.6333	0.2407	8945
2016-02-04	2	E3	299.4667	0.2421	9221
2016-02-04	2	E3	323.7667	0.2462	9387
2016-02-04	2	E3	351.65	0.2505	9612
2016-02-04	2	E3	382.2667	0.2555	9786
2016-02-04	2	E3	405.1667	0.2591	10100
2016-02-04	2	E3	433.0833	0.263	9949
2016-02-04	2	E3	458.6	0.2642	9914
2016-02-04	2	E3	498.6167	0.2686	10253
2016-02-04	2	E3	539.65	0.2755	10437
2016-02-04	2	E4	0.0	0.051	646
2016-02-04	2	E4	44.8667	0.0543	948
2016-02-04	2	E4	60.4667	0.0663	1092
2016-02-04	2	E4	82.7333	0.0697	1246
2016-02-04	2	E4	98.7333	0.0853	1497
2016-02-04	2	E4	112.8333	0.0909	1751
2016-02-04	2	E4	130.1833	0.1091	2064
2016-02-04	2	E4	146.45	0.1304	2634
2016-02-04	2	E4	169.6667	0.1757	4045
2016-02-04	2	E4	187.3167	0.2203	4927
2016-02-04	2	E4	201.8667	0.2516	6131
2016-02-04	2	E4	218.7833	0.26	7320
2016-02-04	2	E4	235.3333	0.2501	8158
2016-02-04	2	E4	251.55	0.2459	8747
2016-02-04	2	E4	265.3833	0.2495	9063
2016-02-04	2	E4	280.6333	0.2446	9249
2016-02-04	2	E4	299.4667	0.2462	9286
2016-02-04	2	E4	323.7667	0.2492	9022
2016-02-04	2	E4	351.65	0.2518	9807
2016-02-04	2	E4	382.2667	0.2559	9827
2016-02-04	2	E4	405.1667	0.26	10295
2016-02-04	2	E4	433.0833	0.2636	9692
2016-02-04	2	E4	458.6	0.2656	9806
2016-02-04	2	E4	498.6167	0.2682	10171
2016-02-04	2	E4	539.65	0.2756	10299
2016-02-04	2	E5	0.0	0.0495	549
2016-02-04	2	E5	44.8667	0.0527	783
2016-02-04	2	E5	60.4667	0.0579	939
2016-02-04	2	E5	82.7333	0.0638	1095
2016-02-04	2	E5	98.7333	0.0774	1243
2016-02-04	2	E5	112.8333	0.0803	1560
2016-02-04	2	E5	130.1833	0.0959	1800
2016-02-04	2	E5	146.45	0.1115	2293
2016-02-04	2	E5	169.6667	0.1545	3442
2016-02-04	2	E5	187.3167	0.1932	4504
2016-02-04	2	E5	201.8667	0.2304	5674
2016-02-04	2	E5	218.7833	0.2432	6945
2016-02-04	2	E5	235.3333	0.2394	8003
2016-02-04	2	E5	251.55	0.2399	8543
2016-02-04	2	E5	265.3833	0.2388	9101
2016-02-04	2	E5	280.6333	0.2398	9286
2016-02-04	2	E5	299.4667	0.242	9272
2016-02-04	2	E5	323.7667	0.246	9379
2016-02-04	2	E5	351.65	0.2502	9931
2016-02-04	2	E5	382.2667	0.255	9837
2016-02-04	2	E5	405.1667	0.2589	10353
2016-02-04	2	E5	433.0833	0.2623	10198
2016-02-04	2	E5	458.6	0.2633	10489
2016-02-04	2	E5	498.6167	0.2684	10688
2016-02-04	2	E5	539.65	0.2745	11053
2016-02-04	2	E6	0.0	0.0496	596
2016-02-04	2	E6	44.8667	0.0525	808
2016-02-04	2	E6	60.4667	0.0572	927
2016-02-04	2	E6	82.7333	0.0638	1018
2016-02-04	2	E6	98.7333	0.0721	1171
2016-02-04	2	E6	112.8333	0.084	1314
2016-02-04	2	E6	130.1833	0.0941	1739
2016-02-04	2	E6	146.45	0.1088	2028
2016-02-04	2	E6	169.6667	0.1458	3146
2016-02-04	2	E6	187.3167	0.1909	4065
2016-02-04	2	E6	201.8667	0.2211	5158
2016-02-04	2	E6	218.7833	0.2409	6520
2016-02-04	2	E6	235.3333	0.2392	7747
2016-02-04	2	E6	251.55	0.2391	8033
2016-02-04	2	E6	265.3833	0.2389	8565
2016-02-04	2	E6	280.6333	0.2391	8892
2016-02-04	2	E6	299.4667	0.2407	8792
2016-02-04	2	E6	323.7667	0.2453	8929
2016-02-04	2	E6	351.65	0.2496	9278
2016-02-04	2	E6	382.2667	0.2537	9641
2016-02-04	2	E6	405.1667	0.2573	9795
2016-02-04	2	E6	433.0833	0.261	9716
2016-02-04	2	E6	458.6	0.2631	9964
2016-02-04	2	E6	498.6167	0.2667	10051
2016-02-04	2	E6	539.65	0.273	10467
2016-02-04	2	E7	0.0	0.047	443
2016-02-04	2	E7	44.8667	0.0537	1302
2016-02-04	2	E7	60.4667	0.0556	1428
2016-02-04	2	E7	82.7333	0.0639	1698
2016-02-04	2	E7	98.7333	0.0698	1795
2016-02-04	2	E7	112.8333	0.0801	2214
2016-02-04	2	E7	130.1833	0.0901	2756
2016-02-04	2	E7	146.45	0.1064	3370
2016-02-04	2	E7	169.6667	0.1413	4831
2016-02-04	2	E7	187.3167	0.1809	6613
2016-02-04	2	E7	201.8667	0.2172	8248
2016-02-04	2	E7	218.7833	0.2381	10515
2016-02-04	2	E7	235.3333	0.2359	12092
2016-02-04	2	E7	251.55	0.2356	12900
2016-02-04	2	E7	265.3833	0.2363	13416
2016-02-04	2	E7	280.6333	0.2369	13273
2016-02-04	2	E7	299.4667	0.2392	13704
2016-02-04	2	E7	323.7667	0.2432	13730
2016-02-04	2	E7	351.65	0.2474	13714
2016-02-04	2	E7	382.2667	0.2526	14425
2016-02-04	2	E7	405.1667	0.2558	14860
2016-02-04	2	E7	433.0833	0.2594	14366
2016-02-04	2	E7	458.6	0.2621	14805
2016-02-04	2	E7	498.6167	0.2671	15217
2016-02-04	2	E7	539.65	0.2734	15387
2016-02-04	2	E8	0.0	0.0495	723
2016-02-04	2	E8	44.8667	0.0544	1298
2016-02-04	2	E8	60.4667	0.0547	1243
2016-02-04	2	E8	82.7333	0.0617	1644
2016-02-04	2	E8	98.7333	0.0687	1811
2016-02-04	2	E8	112.8333	0.0778	2038
2016-02-04	2	E8	130.1833	0.0899	2764
2016-02-04	2	E8	146.45	0.1073	3348
2016-02-04	2	E8	169.6667	0.1398	4858
2016-02-04	2	E8	187.3167	0.1792	6330
2016-02-04	2	E8	201.8667	0.2173	7950
2016-02-04	2	E8	218.7833	0.2344	10032
2016-02-04	2	E8	235.3333	0.2325	11843
2016-02-04	2	E8	251.55	0.2344	12052
2016-02-04	2	E8	265.3833	0.2335	12880
2016-02-04	2	E8	280.6333	0.2347	12642
2016-02-04	2	E8	299.4667	0.2365	13164
2016-02-04	2	E8	323.7667	0.2396	13221
2016-02-04	2	E8	351.65	0.2452	13981
2016-02-04	2	E8	382.2667	0.25	13857
2016-02-04	2	E8	405.1667	0.2543	14281
2016-02-04	2	E8	433.0833	0.2577	13790
2016-02-04	2	E8	458.6	0.2591	13966
2016-02-04	2	E8	498.6167	0.2641	14310
2016-02-04	2	E8	539.65	0.2706	14204
2016-02-04	2	E9	0.0	0.0534	969
2016-02-04	2	E9	44.8667	0.0528	1306
2016-02-04	2	E9	60.4667	0.0554	1378
2016-02-04	2	E9	82.7333	0.062	1682
2016-02-04	2	E9	98.7333	0.0696	1873
2016-02-04	2	E9	112.8333	0.0794	2156
2016-02-04	2	E9	130.1833	0.0906	2691
2016-02-04	2	E9	146.45	0.1084	3547
2016-02-04	2	E9	169.6667	0.14	4740
2016-02-04	2	E9	187.3167	0.1834	6810
2016-02-04	2	E9	201.8667	0.2173	8205
2016-02-04	2	E9	218.7833	0.2311	10623
2016-02-04	2	E9	235.3333	0.2317	12210
2016-02-04	2	E9	251.55	0.2331	12750
2016-02-04	2	E9	265.3833	0.2326	13464
2016-02-04	2	E9	280.6333	0.2346	13794
2016-02-04	2	E9	299.4667	0.2369	13977
2016-02-04	2	E9	323.7667	0.2406	14319
2016-02-04	2	E9	351.65	0.2444	14547
2016-02-04	2	E9	382.2667	0.2497	14710
2016-02-04	2	E9	405.1667	0.2523	15033
2016-02-04	2	E9	433.0833	0.2565	14722
2016-02-04	2	E9	458.6	0.2588	15271
2016-02-04	2	E9	498.6167	0.2615	15820
2016-02-04	2	E9	539.65	0.2694	15820
2016-02-04	2	F10	0.0	0.0501	539
2016-02-04	2	F10	44.8667	0.0529	1109
2016-02-04	2	F10	60.4667	0.0556	1248
2016-02-04	2	F10	82.7333	0.0625	1454
2016-02-04	2	F10	98.7333	0.0695	1632
2016-02-04	2	F10	112.8333	0.0773	1891
2016-02-04	2	F10	130.1833	0.0892	2222
2016-02-04	2	F10	146.45	0.1029	2990
2016-02-04	2	F10	169.6667	0.1339	4324
2016-02-04	2	F10	187.3167	0.1689	5586
2016-02-04	2	F10	201.8667	0.2064	7141
2016-02-04	2	F10	218.7833	0.2333	9003
2016-02-04	2	F10	235.3333	0.232	10663
2016-02-04	2	F10	251.55	0.2354	11903
2016-02-04	2	F10	265.3833	0.2365	12653
2016-02-04	2	F10	280.6333	0.2371	12834
2016-02-04	2	F10	299.4667	0.2393	12766
2016-02-04	2	F10	323.7667	0.2432	13247
2016-02-04	2	F10	351.65	0.2473	13529
2016-02-04	2	F10	382.2667	0.2516	13660
2016-02-04	2	F10	405.1667	0.2549	14323
2016-02-04	2	F10	433.0833	0.2584	14082
2016-02-04	2	F10	458.6	0.2608	14642
2016-02-04	2	F10	498.6167	0.2644	14746
2016-02-04	2	F10	539.65	0.2721	15286
2016-02-04	2	F3	0.0	0.0525	1091
2016-02-04	2	F3	44.8667	0.0529	868
2016-02-04	2	F3	60.4667	0.0558	959
2016-02-04	2	F3	82.7333	0.0619	1214
2016-02-04	2	F3	98.7333	0.0729	1237
2016-02-04	2	F3	112.8333	0.0791	1450
2016-02-04	2	F3	130.1833	0.0976	1729
2016-02-04	2	F3	146.45	0.1097	2181
2016-02-04	2	F3	169.6667	0.1453	3343
2016-02-04	2	F3	187.3167	0.187	4336
2016-02-04	2	F3	201.8667	0.2192	5212
2016-02-04	2	F3	218.7833	0.247	6878
2016-02-04	2	F3	235.3333	0.2477	7785
2016-02-04	2	F3	251.55	0.2452	8319
2016-02-04	2	F3	265.3833	0.2442	9103
2016-02-04	2	F3	280.6333	0.2435	9222
2016-02-04	2	F3	299.4667	0.2453	9181
2016-02-04	2	F3	323.7667	0.25	9549
2016-02-04	2	F3	351.65	0.2524	9706
2016-02-04	2	F3	382.2667	0.2577	9857
2016-02-04	2	F3	405.1667	0.2617	10105
2016-02-04	2	F3	433.0833	0.2658	9869
2016-02-04	2	F3	458.6	0.2667	10116
2016-02-04	2	F3	498.6167	0.2715	10345
2016-02-04	2	F3	539.65	0.2782	10644
2016-02-04	2	F4	0.0	0.0516	1043
2016-02-04	2	F4	44.8667	0.054	831
2016-02-04	2	F4	60.4667	0.0559	887
2016-02-04	2	F4	82.7333	0.0645	1088
2016-02-04	2	F4	98.7333	0.0709	1239
2016-02-04	2	F4	112.8333	0.0806	1322
2016-02-04	2	F4	130.1833	0.0969	1780
2016-02-04	2	F4	146.45	0.1092	2355
2016-02-04	2	F4	169.6667	0.1492	3150
2016-02-04	2	F4	187.3167	0.1882	4380
2016-02-04	2	F4	201.8667	0.2216	5381
2016-02-04	2	F4	218.7833	0.2494	6741
2016-02-04	2	F4	235.3333	0.245	8036
2016-02-04	2	F4	251.55	0.2445	8325
2016-02-04	2	F4	265.3833	0.2429	8720
2016-02-04	2	F4	280.6333	0.2468	8907
2016-02-04	2	F4	299.4667	0.245	9168
2016-02-04	2	F4	323.7667	0.2486	9094
2016-02-04	2	F4	351.65	0.2528	9343
2016-02-04	2	F4	382.2667	0.2581	9744
2016-02-04	2	F4	405.1667	0.2617	9891
2016-02-04	2	F4	433.0833	0.2655	9639
2016-02-04	2	F4	458.6	0.2666	9986
2016-02-04	2	F4	498.6167	0.2708	10146
2016-02-04	2	F4	539.65	0.2783	10155
2016-02-04	2	F5	0.0	0.0483	300
2016-02-04	2	F5	44.8667	0.0524	834
2016-02-04	2	F5	60.4667	0.0553	878
2016-02-04	2	F5	82.7333	0.0628	998
2016-02-04	2	F5	98.7333	0.0773	1189
2016-02-04	2	F5	112.8333	0.0814	1340
2016-02-04	2	F5	130.1833	0.0911	1703
2016-02-04	2	F5	146.45	0.1138	2172
2016-02-04	2	F5	169.6667	0.1427	3177
2016-02-04	2	F5	187.3167	0.1842	4018
2016-02-04	2	F5	201.8667	0.2191	5116
2016-02-04	2	F5	218.7833	0.2451	6798
2016-02-04	2	F5	235.3333	0.2449	8098
2016-02-04	2	F5	251.55	0.2459	8355
2016-02-04	2	F5	265.3833	0.243	8951
2016-02-04	2	F5	280.6333	0.2443	9239
2016-02-04	2	F5	299.4667	0.2458	9316
2016-02-04	2	F5	323.7667	0.2502	9428
2016-02-04	2	F5	351.65	0.2547	9962
2016-02-04	2	F5	382.2667	0.26	9957
2016-02-04	2	F5	405.1667	0.2639	10296
2016-02-04	2	F5	433.0833	0.2673	10105
2016-02-04	2	F5	458.6	0.2687	10659
2016-02-04	2	F5	498.6167	0.2732	10792
2016-02-04	2	F5	539.65	0.2805	11150
2016-02-04	2	F6	0.0	0.0476	286
2016-02-04	2	F6	44.8667	0.0529	815
2016-02-04	2	F6	60.4667	0.0557	838
2016-02-04	2	F6	82.7333	0.0617	1049
2016-02-04	2	F6	98.7333	0.07	1100
2016-02-04	2	F6	112.8333	0.0775	1298
2016-02-04	2	F6	130.1833	0.0962	1688
2016-02-04	2	F6	146.45	0.1124	2044
2016-02-04	2	F6	169.6667	0.1422	3056
2016-02-04	2	F6	187.3167	0.1834	3927
2016-02-04	2	F6	201.8667	0.2213	5020
2016-02-04	2	F6	218.7833	0.2439	6248
2016-02-04	2	F6	235.3333	0.2435	7486
2016-02-04	2	F6	251.55	0.2431	8025
2016-02-04	2	F6	265.3833	0.2429	8785
2016-02-04	2	F6	280.6333	0.2434	8657
2016-02-04	2	F6	299.4667	0.2448	9020
2016-02-04	2	F6	323.7667	0.2495	9191
2016-02-04	2	F6	351.65	0.254	9331
2016-02-04	2	F6	382.2667	0.2582	9451
2016-02-04	2	F6	405.1667	0.2616	10158
2016-02-04	2	F6	433.0833	0.2651	10021
2016-02-04	2	F6	458.6	0.2672	10049
2016-02-04	2	F6	498.6167	0.2714	10668
2016-02-04	2	F6	539.65	0.2783	10433
2016-02-04	2	F7	0.0	0.0497	703
2016-02-04	2	F7	44.8667	0.0552	1250
2016-02-04	2	F7	60.4667	0.0577	1358
2016-02-04	2	F7	82.7333	0.0664	1547
2016-02-04	2	F7	98.7333	0.0701	1833
2016-02-04	2	F7	112.8333	0.0772	1996
2016-02-04	2	F7	130.1833	0.0892	2635
2016-02-04	2	F7	146.45	0.106	3349
2016-02-04	2	F7	169.6667	0.1478	4828
2016-02-04	2	F7	187.3167	0.1809	6232
2016-02-04	2	F7	201.8667	0.2177	7636
2016-02-04	2	F7	218.7833	0.243	10169
2016-02-04	2	F7	235.3333	0.2417	12038
2016-02-04	2	F7	251.55	0.2424	12765
2016-02-04	2	F7	265.3833	0.2427	13296
2016-02-04	2	F7	280.6333	0.2433	13347
2016-02-04	2	F7	299.4667	0.2455	13497
2016-02-04	2	F7	323.7667	0.2508	13588
2016-02-04	2	F7	351.65	0.2555	14393
2016-02-04	2	F7	382.2667	0.2634	14311
2016-02-04	2	F7	405.1667	0.2657	14639
2016-02-04	2	F7	433.0833	0.2696	14579
2016-02-04	2	F7	458.6	0.2751	14971
2016-02-04	2	F7	498.6167	0.2777	14963
2016-02-04	2	F7	539.65	0.2851	15309
2016-02-04	2	F8	0.0	0.0515	672
2016-02-04	2	F8	44.8667	0.053	1222
2016-02-04	2	F8	60.4667	0.0554	1359
2016-02-04	2	F8	82.7333	0.0616	1525
2016-02-04	2	F8	98.7333	0.0687	1929
2016-02-04	2	F8	112.8333	0.0771	2008
2016-02-04	2	F8	130.1833	0.0906	2465
2016-02-04	2	F8	146.45	0.1034	3198
2016-02-04	2	F8	169.6667	0.1412	4492
2016-02-04	2	F8	187.3167	0.1783	6083
2016-02-04	2	F8	201.8667	0.2201	7705
2016-02-04	2	F8	218.7833	0.238	9634
2016-02-04	2	F8	235.3333	0.2397	11570
2016-02-04	2	F8	251.55	0.2411	12357
2016-02-04	2	F8	265.3833	0.2402	12933
2016-02-04	2	F8	280.6333	0.2419	13032
2016-02-04	2	F8	299.4667	0.2422	13376
2016-02-04	2	F8	323.7667	0.2457	13205
2016-02-04	2	F8	351.65	0.2515	13684
2016-02-04	2	F8	382.2667	0.2564	14276
2016-02-04	2	F8	405.1667	0.2602	13914
2016-02-04	2	F8	433.0833	0.2633	13685
2016-02-04	2	F8	458.6	0.2655	14109
2016-02-04	2	F8	498.6167	0.2701	14560
2016-02-04	2	F8	539.65	0.2783	14513
2016-02-04	2	F9	0.0	0.0493	632
2016-02-04	2	F9	44.8667	0.0514	1193
2016-02-04	2	F9	60.4667	0.0586	1249
2016-02-04	2	F9	82.7333	0.0609	1437
2016-02-04	2	F9	98.7333	0.0688	1692
2016-02-04	2	F9	112.8333	0.0739	1926
2016-02-04	2	F9	130.1833	0.0879	2382
2016-02-04	2	F9	146.45	0.1038	2900
2016-02-04	2	F9	169.6667	0.1334	4245
2016-02-04	2	F9	187.3167	0.1706	5640
2016-02-04	2	F9	201.8667	0.2074	7606
2016-02-04	2	F9	218.7833	0.2325	9689
2016-02-04	2	F9	235.3333	0.2342	11534
2016-02-04	2	F9	251.55	0.2361	12504
2016-02-04	2	F9	265.3833	0.2362	13030
2016-02-04	2	F9	280.6333	0.2386	13255
2016-02-04	2	F9	299.4667	0.2392	13209
2016-02-04	2	F9	323.7667	0.2432	13608
2016-02-04	2	F9	351.65	0.2471	14112
2016-02-04	2	F9	382.2667	0.253	14436
2016-02-04	2	F9	405.1667	0.2563	14852
2016-02-04	2	F9	433.0833	0.2602	14615
2016-02-04	2	F9	458.6	0.2629	14834
2016-02-04	2	F9	498.6167	0.267	15023
2016-02-04	2	F9	539.65	0.2742	15690
2016-02-04	2	G10	0.0	0.0525	915
2016-02-04	2	G10	44.8667	0.0524	1173
2016-02-04	2	G10	60.4667	0.0565	1328
2016-02-04	2	G10	82.7333	0.0615	1537
2016-02-04	2	G10	98.7333	0.0682	1695
2016-02-04	2	G10	112.8333	0.0758	2050
2016-02-04	2	G10	130.1833	0.0881	2424
2016-02-04	2	G10	146.45	0.1031	3285
2016-02-04	2	G10	169.6667	0.1347	4464
2016-02-04	2	G10	187.3167	0.1715	6084
2016-02-04	2	G10	201.8667	0.2065	7550
2016-02-04	2	G10	218.7833	0.2288	9726
2016-02-04	2	G10	235.3333	0.2294	11274
2016-02-04	2	G10	251.55	0.233	12182
2016-02-04	2	G10	265.3833	0.2351	12669
2016-02-04	2	G10	280.6333	0.2362	12798
2016-02-04	2	G10	299.4667	0.2383	13204
2016-02-04	2	G10	323.7667	0.2435	13338
2016-02-04	2	G10	351.65	0.2461	13697
2016-02-04	2	G10	382.2667	0.2526	14002
2016-02-04	2	G10	405.1667	0.255	14232
2016-02-04	2	G10	433.0833	0.2587	14560
2016-02-04	2	G10	458.6	0.2604	14705
2016-02-04	2	G10	498.6167	0.2648	14442
2016-02-04	2	G10	539.65	0.2716	14761
2016-02-04	2	G3	0.0	0.0523	607
2016-02-04	2	G3	44.8667	0.0563	918
2016-02-04	2	G3	60.4667	0.0595	1024
2016-02-04	2	G3	82.7333	0.0673	1181
2016-02-04	2	G3	98.7333	0.0755	1379
2016-02-04	2	G3	112.8333	0.083	1536
2016-02-04	2	G3	130.1833	0.0975	1946
2016-02-04	2	G3	146.45	0.1146	2370
2016-02-04	2	G3	169.6667	0.1565	3447
2016-02-04	2	G3	187.3167	0.1929	4694
2016-02-04	2	G3	201.8667	0.2276	5683
2016-02-04	2	G3	218.7833	0.2489	7114
2016-02-04	2	G3	235.3333	0.2463	8174
2016-02-04	2	G3	251.55	0.2449	8453
2016-02-04	2	G3	265.3833	0.2455	9118
2016-02-04	2	G3	280.6333	0.2469	9209
2016-02-04	2	G3	299.4667	0.2495	9194
2016-02-04	2	G3	323.7667	0.2541	9169
2016-02-04	2	G3	351.65	0.2566	9592
2016-02-04	2	G3	382.2667	0.2651	9977
2016-02-04	2	G3	405.1667	0.267	9978
2016-02-04	2	G3	433.0833	0.2701	9977
2016-02-04	2	G3	458.6	0.2719	10150
2016-02-04	2	G3	498.6167	0.2781	10380
2016-02-04	2	G3	539.65	0.2851	10524
2016-02-04	2	G4	0.0	0.0473	624
2016-02-04	2	G4	44.8667	0.0553	886
2016-02-04	2	G4	60.4667	0.0585	946
2016-02-04	2	G4	82.7333	0.0655	1211
2016-02-04	2	G4	98.7333	0.0791	1389
2016-02-04	2	G4	112.8333	0.082	1575
2016-02-04	2	G4	130.1833	0.1002	1888
2016-02-04	2	G4	146.45	0.1247	2375
2016-02-04	2	G4	169.6667	0.1536	3509
2016-02-04	2	G4	187.3167	0.2042	4522
2016-02-04	2	G4	201.8667	0.2303	5765
2016-02-04	2	G4	218.7833	0.2499	7282
2016-02-04	2	G4	235.3333	0.2461	8188
2016-02-04	2	G4	251.55	0.2458	8660
2016-02-04	2	G4	265.3833	0.246	9311
2016-02-04	2	G4	280.6333	0.2466	9186
2016-02-04	2	G4	299.4667	0.2484	9282
2016-02-04	2	G4	323.7667	0.2527	9378
2016-02-04	2	G4	351.65	0.2563	9673
2016-02-04	2	G4	382.2667	0.2637	9566
2016-02-04	2	G4	405.1667	0.2667	10009
2016-02-04	2	G4	433.0833	0.2698	9565
2016-02-04	2	G4	458.6	0.2719	9985
2016-02-04	2	G4	498.6167	0.2767	10283
2016-02-04	2	G4	539.65	0.2845	10144
2016-02-04	2	G5	0.0	0.0518	468
2016-02-04	2	G5	44.8667	0.0529	910
2016-02-04	2	G5	60.4667	0.0564	912
2016-02-04	2	G5	82.7333	0.0664	1066
2016-02-04	2	G5	98.7333	0.0735	1324
2016-02-04	2	G5	112.8333	0.0794	1497
2016-02-04	2	G5	130.1833	0.0939	1745
2016-02-04	2	G5	146.45	0.1111	2301
2016-02-04	2	G5	169.6667	0.1505	3337
2016-02-04	2	G5	187.3167	0.1907	4637
2016-02-04	2	G5	201.8667	0.2279	5375
2016-02-04	2	G5	218.7833	0.253	6928
2016-02-04	2	G5	235.3333	0.2454	8002
2016-02-04	2	G5	251.55	0.2452	8724
2016-02-04	2	G5	265.3833	0.243	9315
2016-02-04	2	G5	280.6333	0.2439	9294
2016-02-04	2	G5	299.4667	0.2459	8946
2016-02-04	2	G5	323.7667	0.2501	9573
2016-02-04	2	G5	351.65	0.2533	9766
2016-02-04	2	G5	382.2667	0.2581	9885
2016-02-04	2	G5	405.1667	0.2619	10532
2016-02-04	2	G5	433.0833	0.2653	10268
2016-02-04	2	G5	458.6	0.267	10755
2016-02-04	2	G5	498.6167	0.2718	11098
2016-02-04	2	G5	539.65	0.2791	10996
2016-02-04	2	G6	0.0	0.0542	359
2016-02-04	2	G6	44.8667	0.0547	931
2016-02-04	2	G6	60.4667	0.0611	913
2016-02-04	2	G6	82.7333	0.0656	1002
2016-02-04	2	G6	98.7333	0.0727	1251
2016-02-04	2	G6	112.8333	0.0798	1446
2016-02-04	2	G6	130.1833	0.0953	1659
2016-02-04	2	G6	146.45	0.1118	2166
2016-02-04	2	G6	169.6667	0.1486	3143
2016-02-04	2	G6	187.3167	0.1909	4170
2016-02-04	2	G6	201.8667	0.2256	5116
2016-02-04	2	G6	218.7833	0.2493	6836
2016-02-04	2	G6	235.3333	0.245	7808
2016-02-04	2	G6	251.55	0.2439	8313
2016-02-04	2	G6	265.3833	0.2449	8847
2016-02-04	2	G6	280.6333	0.2458	9035
2016-02-04	2	G6	299.4667	0.2483	8798
2016-02-04	2	G6	323.7667	0.2537	9359
2016-02-04	2	G6	351.65	0.2576	9417
2016-02-04	2	G6	382.2667	0.2644	9596
2016-02-04	2	G6	405.1667	0.2674	10056
2016-02-04	2	G6	433.0833	0.2708	9982
2016-02-04	2	G6	458.6	0.2731	10105
2016-02-04	2	G6	498.6167	0.2773	10266
2016-02-04	2	G6	539.65	0.2852	10609
2016-02-04	2	G7	0.0	0.0535	1022
2016-02-04	2	G7	44.8667	0.0539	1393
2016-02-04	2	G7	60.4667	0.0572	1463
2016-02-04	2	G7	82.7333	0.0666	1704
2016-02-04	2	G7	98.7333	0.0736	1892
2016-02-04	2	G7	112.8333	0.0772	2139
2016-02-04	2	G7	130.1833	0.0924	2797
2016-02-04	2	G7	146.45	0.1115	3428
2016-02-04	2	G7	169.6667	0.1483	5046
2016-02-04	2	G7	187.3167	0.1963	6883
2016-02-04	2	G7	201.8667	0.2388	8470
2016-02-04	2	G7	218.7833	0.2569	10648
2016-02-04	2	G7	235.3333	0.2514	12400
2016-02-04	2	G7	251.55	0.2493	13353
2016-02-04	2	G7	265.3833	0.2492	13971
2016-02-04	2	G7	280.6333	0.2496	14317
2016-02-04	2	G7	299.4667	0.2511	14156
2016-02-04	2	G7	323.7667	0.254	14300
2016-02-04	2	G7	351.65	0.2574	15128
2016-02-04	2	G7	382.2667	0.2637	15335
2016-02-04	2	G7	405.1667	0.2663	15190
2016-02-04	2	G7	433.0833	0.2701	14699
2016-02-04	2	G7	458.6	0.2728	15237
2016-02-04	2	G7	498.6167	0.2781	15348
2016-02-04	2	G7	539.65	0.2855	15394
2016-02-04	2	G8	0.0	0.0481	749
2016-02-04	2	G8	44.8667	0.0526	1277
2016-02-04	2	G8	60.4667	0.0599	1418
2016-02-04	2	G8	82.7333	0.0645	1587
2016-02-04	2	G8	98.7333	0.0729	1979
2016-02-04	2	G8	112.8333	0.0831	2212
2016-02-04	2	G8	130.1833	0.0944	2787
2016-02-04	2	G8	146.45	0.1089	3275
2016-02-04	2	G8	169.6667	0.1459	4950
2016-02-04	2	G8	187.3167	0.1883	6747
2016-02-04	2	G8	201.8667	0.2255	8298
2016-02-04	2	G8	218.7833	0.242	10276
2016-02-04	2	G8	235.3333	0.2431	12201
2016-02-04	2	G8	251.55	0.2415	12263
2016-02-04	2	G8	265.3833	0.2412	13186
2016-02-04	2	G8	280.6333	0.2416	13313
2016-02-04	2	G8	299.4667	0.2429	13229
2016-02-04	2	G8	323.7667	0.2465	13500
2016-02-04	2	G8	351.65	0.251	14089
2016-02-04	2	G8	382.2667	0.256	14387
2016-02-04	2	G8	405.1667	0.26	14385
2016-02-04	2	G8	433.0833	0.264	14131
2016-02-04	2	G8	458.6	0.2652	14390
2016-02-04	2	G8	498.6167	0.2698	14388
2016-02-04	2	G8	539.65	0.2769	14579
2016-02-04	2	G9	0.0	0.0498	653
2016-02-04	2	G9	44.8667	0.0579	1249
2016-02-04	2	G9	60.4667	0.0599	1390
2016-02-04	2	G9	82.7333	0.064	1641
2016-02-04	2	G9	98.7333	0.0699	1869
2016-02-04	2	G9	112.8333	0.078	2124
2016-02-04	2	G9	130.1833	0.0911	2657
2016-02-04	2	G9	146.45	0.1068	3268
2016-02-04	2	G9	169.6667	0.14	4778
2016-02-04	2	G9	187.3167	0.18	6319
2016-02-04	2	G9	201.8667	0.2189	8103
2016-02-04	2	G9	218.7833	0.2335	10180
2016-02-04	2	G9	235.3333	0.2327	12508
2016-02-04	2	G9	251.55	0.2361	12919
2016-02-04	2	G9	265.3833	0.2369	13740
2016-02-04	2	G9	280.6333	0.2406	13525
2016-02-04	2	G9	299.4667	0.2414	13692
2016-02-04	2	G9	323.7667	0.2465	13833
2016-02-04	2	G9	351.65	0.251	14391
2016-02-04	2	G9	382.2667	0.258	14953
2016-02-04	2	G9	405.1667	0.2604	15171
2016-02-04	2	G9	433.0833	0.2643	14809
2016-02-04	2	G9	458.6	0.2678	15154
2016-02-04	2	G9	498.6167	0.2712	15344
2016-02-04	2	G9	539.65	0.2795	15974
